NODEID,crash_count,total_killed,total_injured,severity_score,severity_score_norm,intersection_name,latitude,longitude,Has_Enhanced_Crossing,Has_Leading_Pedestrian_Signal,Has_Turn_Traffic_Calming,Has_SIP,Has_Exclusive_Pedestrian_Signal,Has_Accessible_Pedestrian_Signal,Is_Protected_Intersection,Has_Pedestrian_Ramp,Has_Bus_Lane,Has_Speed_Hump,Is_Speed_Reduced,Is_Bike_Route,Has_Bad_Pavement,Predicted_Fix
44700,572,0,273,483.8307195,1,MAJOR DEEGAN EXPRESSWAY & WEST FORDHAM ROAD,40.86186,-73.9127,0,0,0,0,0,0,0,1,0,0,0,1,1,No-Turn-on-Red Restrictions
26912,833,0,401,477.6340661,0.987192085,BUFFALO AVENUE & EASTERN PARKWAY & EASTERN PARKWAY LINE,40.6685,-73.9256,0,0,1,0,0,1,0,1,0,0,0,1,1,Turn Calming
29303,1066,1,378,443.7798327,0.917218486,ATLANTIC AVENUE & FULTON STREET LINE & PENNSYLVANIA AVENUE,40.67574,-73.8969,0,0,0,0,0,0,0,1,0,0,0,0,1,Install Marked Crosswalks
28915,987,2,446,432.3562784,0.893607046,LINDEN BOULEVARD & PENNSYLVANIA AVENUE,40.65858,-73.8906,0,0,0,0,0,0,0,1,0,0,0,0,1,Install Marked Crosswalks
95822,535,2,293,366.808031,0.758124824,BELT PARKWAY & DISTRICT BOUNDARY,40.64261,-73.8765,0,0,0,0,0,0,0,0,0,0,0,1,0,Bike Signal Phases
40452,380,0,228,365.5347657,0.755493101,CROSS ISLAND PARKWAY & HEMPSTEAD AVENUE,40.71122,-73.7283,0,0,0,0,0,1,0,1,0,0,0,0,1,Curb Extensions (Bulb-outs)
15968,1422,1,286,353.7543933,0.73114415,FLATBUSH AVENUE EXTENSION & TILLARY STREET,40.69603,-73.9845,0,0,0,0,0,1,0,1,1,0,0,0,1,Advance Stop Line for Vehicles
9065197,288,1,185,339.213566,0.701089592,BRUCKNER EXPRESSWAY WB EXIT 48 & BRUCKNER EXPWY WB EN LEGGETT AVE & LEGGETT AVENUE,40.81309,-73.8983,0,0,0,0,0,1,0,1,0,0,0,1,1,Advance Stop Line for Vehicles
47365,298,0,184,332.1707896,0.686532819,2020 CB BOUNDARY & BRUCKNER BOULEVARD & LONGWOOD AVENUE,40.81575,-73.8953,0,0,0,0,0,1,0,1,0,0,0,1,1,Advance Stop Line for Vehicles
29756,751,0,331,314.1066263,0.649195848,ATLANTIC AVENUE & LOGAN STREET,40.68001,-73.8774,0,0,1,0,0,0,0,1,0,0,0,0,1,Turn Calming
29315,692,0,303,304.8870965,0.630139925,JACKIE ROBINSON PARKWAY & JAMAICA AVENUE & PENNSYLVANIA AVENUE,40.67816,-73.8975,0,0,0,1,0,0,0,1,0,0,0,0,1,Install Marked Crosswalks
44120,389,1,187,293.9207812,0.607473556,CROSS BRONX EP SB EN JEROME AV & CROSS BRONX EXPRESSWAY & JEROME AVENUE & JEROME AVENUE LINE,40.84518,-73.9142,0,0,0,0,0,0,0,1,0,0,0,0,1,Install Marked Crosswalks
26911,483,0,320,289.1037794,0.597517254,EASTERN PARKWAY & EASTERN PARKWAY LINE & ROCHESTER AVENUE,40.66865,-73.9283,0,0,1,1,0,1,1,1,0,0,0,1,1,Turn Calming
28640,536,1,276,280.9008165,0.580562481,LINDEN BOULEVARD & ROCKAWAY AVENUE,40.65474,-73.9069,0,0,0,0,0,0,0,1,0,1,0,0,1,Speed Humps or Speed Tables
9035729,711,0,226,277.8224422,0.574199764,VAN WYCK EXPRESSWAY,40.70453,-73.8174,0,0,0,0,0,0,0,1,0,0,0,0,1,Install Marked Crosswalks
43732,672,0,238,272.4786496,0.563154634,AMSTERDAM AVENUE & BIKE PATH & WASHINGTON BRIDGE & WEST 181 STREET,40.84812,-73.9309,0,0,0,0,0,1,0,1,1,0,0,1,1,Advance Stop Line for Vehicles
27279,677,0,290,272.3849597,0.562960986,ATLANTIC AVENUE & EASTERN PARKWAY,40.67619,-73.9081,0,1,0,0,0,0,0,1,0,0,0,0,1,Leading Pedestrian Interval (LPI)
9031585,521,0,203,268.5391386,0.555012026,BRUCKNER BOULEVARD & HUNTS POINT AVENUE,40.82019,-73.8907,0,0,0,1,0,1,0,1,1,0,0,1,1,Advance Stop Line for Vehicles
26863,639,2,299,268.0172638,0.553933358,EASTERN PARKWAY & EASTERN PARKWAY LINE & UTICA AVENUE,40.6688,-73.9311,0,1,0,0,0,1,0,1,1,0,0,1,1,Advance Stop Line for Vehicles
99005,178,0,112,267.6187524,0.553109672,BRUCKNER BOULEVARD & EAST 138 STREET,40.80459,-73.9121,0,0,0,0,0,0,0,1,0,0,0,1,1,Advance Stop Line for Vehicles
27050,531,0,279,263.2415375,0.544062369,DISTRICT BOUNDARY & EASTERN PARKWAY & HOWARD AVENUE,40.66948,-73.92,0,0,0,0,0,1,1,1,0,0,0,0,1,Advance Stop Line for Vehicles
28567,340,0,155,257.3117775,0.531806099,ROCKAWAY PARKWAY & SHORE PARKWAY,40.63082,-73.8864,0,0,0,0,0,0,0,1,0,0,0,1,1,Advance Stop Line for Vehicles
19489,388,0,213,254.1474237,0.525265669,BROOKLYN QUEENS EXPRESSWAY & KENT AVENUE,40.69998,-73.9618,0,1,0,0,0,1,1,1,0,0,0,0,1,Advance Stop Line for Vehicles
100364,326,0,147,252.3126528,0.521473366,LONG ISLAND EXPRESSWAY,40.7643,-73.7231,0,0,0,0,0,0,0,0,0,0,0,0,0,Raised Crosswalk 
18971,586,2,228,249.2441955,0.515131146,ATLANTIC AVENUE & BEDFORD AVENUE & LIRR ATLANTIC LINE,40.67872,-73.953,0,0,0,0,0,0,1,1,1,0,0,1,1,Protected Bike Lanes
41385,660,1,189,245.381732,0.507147788,2000 CB BOUNDARY & 2010 CB BOUNDARY & BIKE PATH & FLUSHING LINE & JACKSON AVENUE & QUEENS BOULEVARD & QUEENS BOULEVARD LINE & QUEENS PLAZA & QUEENS PLAZA EAST & QUEENS PLAZA SOUTH,40.74892,-73.9374,0,1,0,0,0,1,0,1,1,0,0,1,1,Advance Stop Line for Vehicles
81690,432,0,220,245.3105444,0.50700065,BELT PARKWAY & BELT PARKWAY EXIT 21 B EB,40.66726,-73.7702,0,0,0,0,0,0,0,1,0,0,0,0,0,Install Marked Crosswalks
7442,505,1,185,242.5778685,0.501352459,HYLAN BOULEVARD & NEW DORP LANE,40.57047,-74.1098,0,1,1,0,0,1,1,1,1,0,0,0,1,Advance Stop Line for Vehicles
29632,310,3,202,240.5468779,0.497154587,ASHFORD STREET & LINDEN BOULEVARD,40.66278,-73.8809,0,1,0,0,0,0,1,1,0,0,0,0,1,Advance Stop Line for Vehicles
54159,519,1,207,240.0993686,0.496229626,EAST 233 STREET & WEBSTER AVENUE,40.89538,-73.8636,0,0,0,0,0,0,0,1,0,0,0,1,1,Advance Stop Line for Vehicles
36072,663,1,310,238.7244015,0.493387696,FARMERS BOULEVARD & NASSAU EXPRESSWAY & ROCKAWAY BOULEVARD,40.65965,-73.7738,0,1,0,0,0,1,0,1,0,0,0,0,1,Leading Pedestrian Interval (LPI)
42540,680,1,197,237.9759365,0.491840687,2 AVENUE & EAST 125 STREET & RFK BRDG ET 125 STREET 2 AVE,40.80275,-73.9336,0,0,0,0,0,0,0,1,1,0,0,1,1,Convert to Roundabout
29361,389,1,203,237.5380627,0.490935642,PENNSYLVANIA AVENUE & PITKIN AVENUE,40.67189,-73.8959,0,1,1,0,0,0,0,1,0,0,0,1,1,Turn Calming
42863,412,2,220,236.6754929,0.489152789,EAST 149 STREET & GRAND CONCOURSE & JEROME AVENUE LINE & WHITE PLAINS ROAD LINE,40.81856,-73.9273,0,1,0,0,0,0,0,1,1,0,0,0,1,Leading Pedestrian Interval (LPI)
26801,475,4,249,236.2934715,0.488363186,EASTERN PARKWAY & EASTERN PARKWAY LINE & SCHENECTADY AVENUE,40.66895,-73.9339,0,0,1,0,0,1,0,1,0,0,0,1,1,Turn Calming
49100,450,1,194,235.7404611,0.487220164,EAST FORDHAM ROAD & SOUTHERN BOULEVARD,40.85713,-73.8808,0,1,0,0,0,0,0,1,1,0,0,1,1,Advance Stop Line for Vehicles
36094,612,9,356,232.1161751,0.479729097,150 ROAD & GUY R BREWER BOULEVARD & NORTH BOUNDARY ROAD & ROCKAWAY BOULEVARD,40.65616,-73.7674,0,0,0,1,0,1,0,1,0,0,0,0,1,Advance Stop Line for Vehicles
89767,393,3,201,230.9334109,0.477284432,CROSS BRONX EXPRESSWAY & GRAND CONCOURSE,40.84519,-73.9112,0,0,0,0,1,0,0,1,0,0,0,1,1,Add Pedestrian Crossing Signals
52651,473,1,129,230.2025968,0.475773906,BRUCKNER BOULEVARD & WHITE PLAINS ROAD,40.82628,-73.8597,0,1,0,0,0,0,0,1,0,0,0,0,1,Leading Pedestrian Interval (LPI)
85527,356,0,185,229.4952447,0.474311874,BROOKLYN QUEENS EXPRESSWAY,40.70272,-73.9605,0,0,0,0,0,0,0,0,0,0,0,0,1,High-Friction Surface Treatment
26756,355,2,188,228.3771911,0.472000959,EASTERN PARKWAY & EASTERN PARKWAY LINE & TROY AVENUE,40.6691,-73.9367,0,0,0,0,0,1,1,1,0,0,0,1,1,Advance Stop Line for Vehicles
83264,443,0,210,227.1175503,0.469397397,2000 CB BOUNDARY & GRAND CENTRAL PARKWAY,40.72543,-73.8378,0,0,0,0,0,0,0,1,0,0,0,1,1,Advance Stop Line for Vehicles
48899,545,0,231,226.2728401,0.467651459,EAST FORDHAM ROAD & WEBSTER AVENUE,40.8617,-73.8914,0,0,1,0,0,0,0,1,1,0,0,0,1,Turn Calming
27203,482,3,265,225.9832843,0.467052973,ATLANTIC AVENUE & LIRR ATLANTIC LINE & ROCKAWAY AVENUE,40.67634,-73.9109,0,0,1,0,0,0,0,1,0,0,0,0,1,Turn Calming
70898,370,1,182,221.6134885,0.458021006,ATLANTIC AVENUE & LIRR ATLANTIC LINE & UTICA AVENUE,40.67741,-73.9303,0,0,0,0,0,0,0,1,1,0,0,0,1,Convert to Roundabout
40382,189,0,120,215.5194815,0.445425252,CROSS ISLAND PARKWAY & CROSS ISLAND PY SB EN LINDEN BL & LINDEN BOULEVARD,40.69078,-73.7273,0,1,0,0,0,0,0,1,0,0,0,0,1,Leading Pedestrian Interval (LPI)
25714,529,5,180,215.3421214,0.445058665,AVENUE U & FLATBUSH AVENUE,40.60981,-73.9225,0,0,0,0,0,1,0,1,0,0,0,0,1,Curb Extensions (Bulb-outs)
95383,571,0,191,214.5072549,0.443333072,ATLANTIC AVENUE & BROOKLYN QUEENS EXPWY WB ET 27,40.69161,-73.9994,0,1,0,0,0,1,0,1,0,0,0,1,1,Advance Stop Line for Vehicles
15849,421,0,146,212.3036268,0.438778375,ADAMS STREET & BROOKLYN BRIDGE PEDESTRIAN PATH & TILLARY STREET,40.6962,-73.9888,0,0,0,0,0,0,0,1,0,0,0,1,1,Advance Stop Line for Vehicles
100527,265,0,146,210.4783574,0.43500571,BRUCKNER BOULEVARD & TIFFANY STREET,40.8178,-73.8932,0,0,0,0,0,1,0,1,0,0,0,1,1,Advance Stop Line for Vehicles
53407,297,0,172,210.452917,0.434953127,BRONX RIVER PARKWAY & EAST GUN HILL ROAD,40.87829,-73.8701,0,0,1,0,0,0,0,1,0,0,0,1,1,Turn Calming
18574,634,2,189,210.3548656,0.434750464,ATLANTIC AVENUE & EASTERN PARKWAY LINE & FLATBUSH AVENUE,40.68405,-73.9775,0,1,0,0,0,1,0,1,0,0,0,0,1,Leading Pedestrian Interval (LPI)
99036,404,1,183,210.3385162,0.434716671,CROSS ISLAND PARKWAY,40.71101,-73.7281,0,0,0,0,0,1,0,1,0,0,0,0,1,Curb Extensions (Bulb-outs)
41235,116,1,95,210.1234779,0.434272207,BORDEN AVENUE & MAURICE AVENUE & QUEENS MIDTOWN EXPRESSWAY SR S,40.72721,-73.9074,0,0,0,0,0,0,0,1,0,0,0,0,1,Install Marked Crosswalks
48586,427,0,203,209.2014986,0.43236656,DEVOE PARK PATH & UNIVERSITY AVENUE & WEST FORDHAM ROAD,40.86275,-73.9049,0,1,0,0,0,0,0,1,1,0,0,0,1,Leading Pedestrian Interval (LPI)
26844,351,1,173,209.0335948,0.432019518,EAST NEW YORK AVENUE & REMSEN AVENUE & UTICA AVENUE,40.66323,-73.9316,0,0,0,0,0,0,0,1,1,0,0,1,1,Convert to Roundabout
18889,441,0,226,203.6735464,0.420940789,BEDFORD AVENUE & EASTERN PARKWAY & EASTERN PARKWAY LINE,40.67012,-73.9553,0,0,0,0,0,0,0,1,0,1,0,1,1,Turn Calming
48666,405,2,191,202.9549583,0.419455533,EAST FORDHAM ROAD & JEROME AVENUE & JEROME AVENUE LINE & WEST FORDHAM ROAD,40.86276,-73.9011,0,0,0,0,0,0,0,1,1,1,0,1,1,Reduce Speed Limits
84538,360,1,181,202.5850288,0.418690923,CROSS BRONX EXPRESSWAY & CROSS BRONX EXPWY EB ET 2 A & CT BOUNDARY,40.84507,-73.9168,0,0,0,0,0,0,0,1,0,1,0,1,1,Turn Calming
50233,400,1,114,201.2841677,0.416002162,108 STREET & HORACE HARDING EXPRESSWAY,40.73768,-73.852,0,0,0,0,0,1,0,1,0,0,0,0,1,Curb Extensions (Bulb-outs)
49295,642,2,211,201.0119974,0.415439611,EAST GUN HILL ROAD & WEBSTER AVENUE,40.87865,-73.8716,0,0,1,0,0,0,0,1,1,0,0,0,1,Turn Calming
42529,381,1,166,200.5549877,0.414495014,145 ST BRIDGE PED AND BIKE PATH & ESPLANADE GARDENS PLAZA & LENOX AVENUE & LENOX AVENUE LINE & WEST 145 STREET,40.82044,-73.9362,0,1,0,1,0,1,0,1,0,0,0,0,1,Advance Stop Line for Vehicles
28866,332,2,168,199.2273966,0.411751005,ROCKAWAY PARKWAY & SEAVIEW AVENUE,40.6338,-73.8897,0,0,0,0,0,0,1,1,0,0,0,0,1,Advance Stop Line for Vehicles
25822,428,1,190,198.2538401,0.409738753,CT BOUNDARY & FLATLANDS AVENUE & RALPH AVENUE,40.63207,-73.9186,0,0,0,0,0,0,0,1,0,0,0,0,1,Install Marked Crosswalks
86923,279,1,105,196.5651102,0.406248303,LONG ISLAND EXPRESSWAY & SPRINGFIELD BOULEVARD,40.74927,-73.7568,0,0,1,0,0,1,0,1,0,0,0,1,0,Turn Calming
33842,479,0,184,195.8456109,0.404761164,LEFFERTS BOULEVARD & NORTH CONDUIT AVENUE & OLD SOUTH ROAD,40.66612,-73.8222,0,0,1,0,0,0,1,1,0,0,0,0,1,Turn Calming
32492,475,6,228,194.5955582,0.402177419,JAMAICA AVENUE & JAMAICA LINE & WOODHAVEN BOULEVARD,40.69366,-73.8522,0,1,1,1,0,1,0,1,1,0,0,0,1,Advance Stop Line for Vehicles
33698,504,1,176,194.2573677,0.40147841,COHANCY STREET & NORTH CONDUIT AVENUE,40.66711,-73.8346,0,0,0,0,0,0,0,1,0,0,0,0,1,Install Marked Crosswalks
97962,685,0,310,193.9016935,0.400743264,MAJOR DEEGAN EXPRESSWAY & WEST FORDHAM ROAD,40.86187,-73.9128,0,0,0,0,0,0,0,1,0,0,0,1,1,Advance Stop Line for Vehicles
28952,437,2,187,193.7705174,0.400472135,FLATLANDS AVENUE & PENNSYLVANIA AVENUE,40.65277,-73.8863,0,0,1,0,0,0,0,1,1,0,0,1,1,Turn Calming
25768,366,2,143,193.615811,0.400152371,AVENUE V & FLATBUSH AVENUE,40.6082,-73.9207,0,0,0,0,0,0,0,1,0,0,0,0,1,Install Marked Crosswalks
47579,365,1,134,190.1216142,0.392930187,BRONX RIVER AVENUE & BRUCKNER BOULEVARD & BRUCKNER BOULEVARD BIKE PATH & BRUCKNER EXPRESSWAY EXIT 51 WB,40.82325,-73.8828,0,0,0,0,0,1,0,1,0,0,0,0,1,Curb Extensions (Bulb-outs)
85230,315,0,146,189.5876976,0.39182663,BUSH STREET & GOWANUS EXPRESSWAY,40.67305,-73.9995,0,0,0,0,0,0,0,1,0,0,0,0,1,Install Marked Crosswalks
45386,468,0,186,188.0469043,0.388641952,65 PLACE & BROOKLYN QUEENS EP WB ET 39 W & QUEENS BOULEVARD,40.74089,-73.8996,0,0,0,0,0,0,0,1,0,0,0,1,1,Advance Stop Line for Vehicles
43300,319,0,159,187.2896167,0.387076707,3 AVENUE & EAST 163 STREET,40.82407,-73.9087,0,0,1,0,0,0,0,1,1,0,0,1,1,Turn Calming
44543,357,0,141,187.2326781,0.386959021,10 AVENUE & IRT-1-BROADWAY/ 7 AVENUE LINE & WEST 207 STREET,40.86446,-73.9189,0,0,0,0,0,1,0,1,1,0,0,1,1,Advance Stop Line for Vehicles
87885,480,0,165,185.9905455,0.384391646,QUEENS BOULEVARD & VAN WYCK EXPRESSWAY & VAN WYCK EXPRESSWAY SB EXIT 6,40.70979,-73.8205,0,0,0,0,0,0,0,1,0,0,0,1,1,Advance Stop Line for Vehicles
15852,447,1,153,185.5409993,0.383462475,8 AVENUE LINE & JAY STREET & TILLARY STREET,40.69613,-73.9871,0,1,1,0,0,1,0,1,1,0,0,1,1,Advance Stop Line for Vehicles
27475,356,2,147,185.3046078,0.382973876,BROADWAY & JAMAICA LINE & JEFFERSON STREET & MYRTLE AVENUE,40.69699,-73.9352,0,1,1,0,0,0,0,1,0,0,0,0,1,Leading Pedestrian Interval (LPI)
48616,311,2,113,184.7656379,0.381859874,BROADWAY & IRT-1-BROADWAY/ 7 AVENUE LINE & WEST 230 STREET,40.8771,-73.9062,0,0,0,0,0,0,1,1,0,0,0,0,1,Advance Stop Line for Vehicles
20673,544,1,183,183.613686,0.379478895,6 AVENUE LINE & CHRYSTIE STREET & DELANCEY STREET & NASSAU STREET LINE,40.71997,-73.9929,0,0,1,0,0,0,0,1,0,0,0,1,1,Turn Calming
43947,412,1,161,182.9086466,0.378021643,CONCOURSE VILLAGE EAST & EAST 161 STREET & MORRIS AVENUE,40.82558,-73.9185,0,1,1,0,0,1,0,1,1,0,0,0,1,Advance Stop Line for Vehicles
55526,509,1,129,182.3839221,0.376937086,NORTHERN BOULEVARD & UNION STREET,40.76394,-73.8281,0,1,0,0,0,0,0,1,0,0,0,1,1,Leading Pedestrian Interval (LPI)
24093,564,0,190,182.3401236,0.376846559,AMSTERDAM AVENUE & WEST 125 STREET,40.81339,-73.9563,0,0,1,0,0,0,0,1,0,0,0,1,1,Turn Calming
9036157,256,1,128,182.2334414,0.376626056,BUSHWICK AVENUE & EASTERN PARKWAY & VANDERVEER STREET,40.68151,-73.9041,0,0,1,1,0,0,0,1,0,0,0,0,1,Turn Calming
19030,356,0,148,182.2224337,0.376603304,FULTON STREET & FULTON STREET LINE & NOSTRAND AVENUE,40.68039,-73.9496,0,1,1,0,0,0,0,1,1,0,0,0,1,Advance Stop Line for Vehicles
42968,411,0,170,181.9793292,0.37610083,BRUCKNER BOULEVARD & ST ANNS AVENUE,40.80359,-73.9198,0,1,0,0,0,1,0,1,0,0,0,1,1,Advance Stop Line for Vehicles
59760,377,3,127,181.3041359,0.374705267,LONG ISLAND EXPRESSWAY,40.74468,-73.7703,0,0,0,0,0,0,0,0,0,0,0,0,0,Raised Crosswalk 
38818,430,0,145,180.6890564,0.373433954,NORTH CONDUIT AVENUE & SPRINGFIELD BOULEVARD,40.66645,-73.7576,0,0,0,0,0,0,0,1,0,0,0,0,1,Install Marked Crosswalks
32545,405,2,190,178.5100324,0.368930111,ATLANTIC AVENUE & LIRR ATLANTIC LINE & WOODHAVEN BOULEVARD,40.68815,-73.8488,0,0,0,0,0,0,0,1,1,0,0,0,1,Convert to Roundabout
26215,394,0,191,177.8841166,0.3676364,CHURCH AVENUE & UTICA AVENUE,40.65173,-73.9304,0,1,0,0,0,1,0,1,1,0,0,0,1,Advance Stop Line for Vehicles
26588,426,1,198,177.795318,0.367452862,LINDEN BOULEVARD & ROCKAWAY PARKWAY,40.65413,-73.9123,0,0,0,0,0,0,0,1,0,0,0,1,1,Advance Stop Line for Vehicles
42307,503,0,157,176.9878617,0.365783923,31 STREET & ASTORIA BOULEVARD NORTH & ASTORIA LINE & HOYT AVENUE NORTH,40.77077,-73.9173,0,0,0,0,0,1,0,1,1,0,0,0,1,Advance Stop Line for Vehicles
44683,260,1,145,176.1604679,0.364073776,UNIVERSITY AVENUE & WEST 179 STREET & WEST BURNSIDE AVENUE,40.85482,-73.9112,0,1,0,0,0,1,0,1,1,0,0,1,1,Advance Stop Line for Vehicles
42941,415,2,169,175.942821,0.36362392,EAST 149 STREET & MORRIS AVENUE & WHITE PLAINS ROAD LINE,40.81739,-73.9228,0,1,1,0,0,1,0,1,1,0,0,0,1,Advance Stop Line for Vehicles
26354,357,1,214,175.1556491,0.361996908,2000 CB BOUNDARY & CHURCH AVENUE & KINGS HIGHWAY,40.65246,-73.9228,0,0,0,0,0,0,1,1,0,0,0,0,1,Advance Stop Line for Vehicles
85036,171,0,110,174.7763693,0.361212971,MAJOR DEEGAN EXPRESSWAY & WEST 230 STREET,40.87645,-73.9044,0,0,0,0,0,1,1,1,0,0,0,0,1,Advance Stop Line for Vehicles
43206,190,1,137,174.4791335,0.360598612,EAST 161 STREET & MELROSE AVENUE,40.82419,-73.9138,0,0,1,0,0,0,0,1,1,0,0,1,1,Turn Calming
42649,244,1,145,173.7776259,0.35914866,1 AVENUE & EAST 125 STREET & FDR DRIVE ENTRANCE SOUTHBOUND & WILLIS AVENUE BRIDGE & WILLIS AVENUE BRIDGE BIKE PATH,40.80175,-73.9312,0,0,0,0,0,0,0,1,1,0,0,1,1,Convert to Roundabout
65073,229,0,130,172.9227417,0.357381693,MOSHOLU PARKWAY & PEDESTRIAN AND BIKE PATH LINK & SOUTHERN BOULEVARD,40.86804,-73.8791,0,0,0,0,0,0,1,1,0,0,0,1,1,Protected Bike Lanes
26263,279,1,197,172.6113802,0.356738137,AVENUE D & KINGS HIGHWAY,40.64238,-73.9254,0,0,0,0,0,0,1,1,0,1,0,0,1,Advance Stop Line for Vehicles
36537,375,1,131,172.1089222,0.355699603,NORTH CONDUIT AVENUE & ROCKAWAY BOULEVARD,40.66752,-73.7806,0,0,0,0,0,0,0,1,0,0,0,0,1,Install Marked Crosswalks
36806,508,0,144,170.9803945,0.353367039,FARMERS BOULEVARD & SOUTH CONDUIT AVENUE,40.6667,-73.7671,0,0,0,0,0,0,0,1,0,0,0,0,1,Install Marked Crosswalks
42469,404,1,165,170.2232079,0.351802004,FREDERICK DOUGLASS BOULEVARD & WEST 145 STREET,40.82284,-73.9419,0,1,0,0,0,0,0,1,0,0,0,0,1,Leading Pedestrian Interval (LPI)
95150,394,1,97,169.8996683,0.351133277,BROOKLYN QUEENS EXPRESSWAY & MIDDAGH STREET,40.70083,-73.9949,0,0,0,0,0,0,0,0,0,1,0,0,1,Speed Humps or Speed Tables
34796,313,0,106,169.0636217,0.349405245,HILLSIDE AVENUE & VAN WYCK EXPRESSWAY,40.70403,-73.8171,0,0,0,0,0,0,0,1,0,0,0,0,1,Install Marked Crosswalks
20860,332,0,145,168.6354674,0.34852029,CLINTON STREET & DELANCEY STREET & NASSAU STREET LINE & WILLIAMSBURG BR BIKE AND PED PTH & WILLIAMSBURG BRIDGE,40.71772,-73.9858,0,0,0,0,0,0,0,1,0,0,0,1,1,Advance Stop Line for Vehicles
20770,535,0,145,168.573374,0.348391948,DELANCEY STREET & ESSEX STREET & HOUSTON/ESSEX STREET LINE & NASSAU STREET LINE,40.71856,-73.9882,0,1,0,0,0,1,0,1,1,0,0,1,1,Advance Stop Line for Vehicles
17369,392,0,168,168.5379872,0.348318807,AVENUE I & OCEAN PARKWAY,40.62657,-73.9709,0,0,0,0,0,0,0,1,0,0,0,1,1,Advance Stop Line for Vehicles
30221,360,0,168,168.4195014,0.348073908,CYPRESS AVENUE & VERMONT PLACE,40.69144,-73.8906,0,0,0,0,0,1,0,1,0,1,0,1,1,Advance Stop Line for Vehicles
18744,486,0,189,168.0909976,0.34739492,ATLANTIC AVENUE & LIRR ATLANTIC LINE & VANDERBILT AVENUE,40.68177,-73.9675,0,0,0,0,0,0,1,1,0,0,0,1,1,Protected Bike Lanes
29318,401,0,141,167.6703809,0.346525544,FULTON STREET & FULTON STREET LINE & JAMAICA LINE & PENNSYLVANIA AVENUE,40.67721,-73.8972,0,0,1,0,0,0,0,1,0,0,0,0,1,Turn Calming
12776,388,0,125,167.5035727,0.346180767,BAY PARKWAY & CROPSEY AVENUE,40.59727,-73.9987,0,0,1,0,0,0,0,1,0,0,0,1,1,Turn Calming
17372,337,0,143,166.9267959,0.344988622,FOSTER AVENUE & OCEAN PARKWAY,40.62999,-73.9716,0,1,0,0,0,1,1,1,0,1,0,1,1,Advance Stop Line for Vehicles
105696,385,0,173,166.5009979,0.344108537,ATLANTIC AVENUE & LIRR ATLANTIC LINE & UNDERHILL AVENUE & WASHINGTON AVENUE,40.68112,-73.9644,0,0,1,1,0,0,1,1,0,1,0,0,1,Reduce Speed Limits
20585,756,0,138,166.4329066,0.343967798,BOWERY & DELANCEY STREET & KENMARE STREET & NASSAU STREET LINE,40.72032,-73.994,0,0,1,0,0,0,0,1,0,0,0,0,1,Turn Calming
18773,349,1,176,166.0119349,0.343097688,EASTERN PARKWAY & EASTERN PARKWAY LINE & WASHINGTON AVENUE,40.67162,-73.9626,0,0,1,0,0,0,0,1,0,1,0,1,1,Turn Calming
24276,452,3,198,165.9622185,0.342994929,LENOX AVENUE & LENOX AVENUE LINE & WEST 125 STREET,40.80777,-73.9455,0,1,1,1,0,1,0,1,1,0,0,0,1,Advance Stop Line for Vehicles
43069,342,1,166,165.8608677,0.342785446,3 AVENUE & EAST 149 STREET & WHITE PLAINS ROAD LINE,40.81607,-73.9176,0,1,0,0,0,0,0,1,1,0,0,1,1,Advance Stop Line for Vehicles
47975,320,0,155,164.764526,0.340519409,3 AVENUE & EAST TREMONT AVENUE,40.84666,-73.8962,0,1,1,0,0,1,0,1,0,1,0,1,1,Add Pedestrian Crossing Signals
22814,957,1,133,164.1332449,0.339214608,2 AVENUE & 2 AVENUE LINE & EAST 59 STREET & ED KOCH QBORO BRG LOWER LVL EN,40.7606,-73.9643,0,0,0,0,0,1,1,1,1,0,0,1,1,Advance Stop Line for Vehicles
43961,240,0,176,163.5046379,0.337915335,CONCOURSE LINE & EAST 165 STREET & GRAND CONCOURSE,40.83091,-73.9205,0,1,0,0,0,0,0,1,0,0,0,1,1,Leading Pedestrian Interval (LPI)
29480,320,1,187,163.5027243,0.33791138,LINDEN BOULEVARD & VAN SICLEN AVENUE,40.66066,-73.8858,0,0,0,0,0,0,1,1,0,1,0,1,1,Protected Bike Lanes
82080,369,1,147,163.3033429,0.337499277,CROSS ISLAND PARKWAY & LONG ISLAND EXPRESSWAY,40.75376,-73.7444,0,0,0,0,0,0,0,0,0,0,0,0,0,Raised Crosswalk 
99881,346,2,134,162.7948088,0.336448183,VAN WYCK EXPRESSWAY,40.70315,-73.8168,0,0,0,0,0,0,0,1,0,0,0,0,1,Install Marked Crosswalks
26412,276,0,157,162.5484231,0.335938927,CLARENDON ROAD & DITMAS AVENUE & RALPH AVENUE,40.64503,-73.92,0,0,0,1,0,0,1,1,0,0,0,1,1,Advance Stop Line for Vehicles
39249,424,1,197,162.3980717,0.335628164,BROOKVILLE BOULEVARD & BROOKVILLE PARK GREENWAY & SOUTH CONDUIT AVENUE,40.66526,-73.7395,0,0,0,0,0,0,1,1,0,0,0,1,1,Protected Bike Lanes
44192,422,1,157,162.3661175,0.335562118,EAST 174 STREET & FEATHERBED LANE & JEROME AVENUE & JEROME AVENUE LINE,40.84543,-73.914,0,0,0,0,0,0,0,1,0,0,0,0,1,Install Marked Crosswalks
42527,405,0,167,161.9654964,0.334734071,ADAM CLAYTON POWELL JR BOULEVARD & WEST 145 STREET,40.82164,-73.9391,0,0,1,0,0,0,1,1,0,0,0,1,1,Turn Calming
31823,248,0,126,161.9192395,0.334638462,CROSS BAY BOULEVARD & NORTH CONDUIT AVENUE,40.66929,-73.8424,0,0,0,0,0,0,1,1,1,0,0,0,1,Protected Bike Lanes
26204,276,1,218,161.8417292,0.334478255,CLARENDON ROAD & UTICA AVENUE,40.64443,-73.9296,0,0,0,0,0,0,0,1,1,0,0,1,1,Convert to Roundabout
55647,478,4,142,161.7680847,0.334326039,NORTHERN BOULEVARD & PARSONS BOULEVARD,40.76465,-73.8235,0,1,1,0,0,0,0,1,0,0,0,1,1,Turn Calming
49787,461,0,109,161.5816571,0.33394071,59 AVENUE & QUEENS BOULEVARD & QUEENS BOULEVARD LINE & WOODHAVEN BOULEVARD,40.7335,-73.8704,0,0,0,0,0,1,0,1,1,0,0,1,1,Advance Stop Line for Vehicles
84937,139,0,125,161.4077476,0.333581255,BRUCKNER EXPRESSWAY & EAST TREMONT AVENUE,40.83318,-73.8283,0,0,1,0,0,0,0,1,0,0,0,0,1,Turn Calming
42452,320,1,154,160.2530262,0.331194552,LENOX AVENUE & LENOX AVENUE LINE & WEST 135 STREET,40.81411,-73.9409,0,1,0,0,0,0,0,1,0,0,0,0,1,Leading Pedestrian Interval (LPI)
26224,242,0,153,160.1942027,0.331072969,LENOX ROAD & UTICA AVENUE,40.65534,-73.9308,0,0,0,0,0,0,0,1,1,0,0,0,1,Convert to Roundabout
47802,263,0,150,160.1093342,0.330897554,CONCOURSE LINE & EAST TREMONT AVENUE & GRAND CONCOURSE,40.84945,-73.906,0,1,0,0,0,1,0,1,0,0,0,1,1,Advance Stop Line for Vehicles
24215,375,0,183,159.9329665,0.330533018,ADAM CLAYTON POWELL JR BOULEVARD & WEST 125 STREET,40.80897,-73.9483,0,1,1,0,0,0,1,1,1,0,0,1,1,Advance Stop Line for Vehicles
44625,427,0,186,159.458496,0.329552331,9 AVENUE & UNIV HEIGHTS BR BIKE AND PED PTH & UNIVERSITY HEIGHTS BRIDGE & WEST 207 STREET,40.86369,-73.9171,0,0,0,0,0,0,0,1,1,0,0,1,1,Convert to Roundabout
47899,358,0,152,158.9040892,0.328406422,EAST TREMONT AVENUE & WEBSTER AVENUE,40.8477,-73.901,0,0,0,0,0,1,0,1,1,0,0,1,1,Advance Stop Line for Vehicles
38773,280,0,118,158.1933858,0.326937464,FARMERS BOULEVARD & MERRICK BOULEVARD,40.67973,-73.7616,0,0,0,0,0,0,0,1,1,0,0,0,1,Convert to Roundabout
47961,294,0,117,158.0071027,0.326552433,3 AVENUE & CROSS BRONX EXPRESSWAY,40.844,-73.8975,0,0,0,0,0,0,0,1,0,0,0,1,1,Advance Stop Line for Vehicles
41454,511,2,196,157.777449,0.32607776,BIKE PATH & FLUSHING LINE & QUEENS BOULEVARD & SKILLMAN AVENUE,40.74603,-73.9344,0,1,0,0,0,0,1,1,0,0,0,1,1,Advance Stop Line for Vehicles
52389,117,0,58,157.3058761,0.325103063,CROSS BRONX EP NB EN HARROD AV & CROSS BRONX EXPRESSWAY & ROSEDALE AVENUE,40.83597,-73.87,0,0,0,0,0,0,0,1,0,0,0,0,1,Install Marked Crosswalks
41179,166,1,101,157.2681566,0.3250251,54 AVENUE & 58 STREET & LONG ISLAND EXPRESSWAY,40.72996,-73.9117,0,0,0,0,0,0,0,1,0,0,0,0,1,Install Marked Crosswalks
26908,244,2,148,156.8694918,0.324201096,BUFFALO AVENUE & EAST NEW YORK AVENUE & ROCKAWAY PARKWAY,40.66592,-73.9255,0,1,0,0,0,0,0,1,0,0,0,1,1,Leading Pedestrian Interval (LPI)
36317,270,1,96,156.631725,0.323709654,150 STREET & NORTH CONDUIT AVENUE,40.66684,-73.7894,0,0,0,0,0,0,0,1,0,0,0,0,1,Install Marked Crosswalks
29791,220,0,132,156.5337195,0.323507086,2010 CB BOUNDARY & FOUNTAIN AVENUE & LINDEN BOULEVARD,40.66671,-73.8718,0,0,0,0,0,0,0,1,0,0,0,1,1,Advance Stop Line for Vehicles
48656,279,0,151,156.5232637,0.323485474,CONCOURSE LINE & EAST 183 STREET & GRAND CONCOURSE,40.85742,-73.9,0,1,0,1,0,1,0,1,0,0,0,1,1,Advance Stop Line for Vehicles
40820,307,0,101,156.5195909,0.323477883,BORDEN AVENUE & GREENPOINT AVENUE,40.73715,-73.9308,0,0,0,0,0,0,0,1,0,0,0,1,1,Advance Stop Line for Vehicles
44749,331,0,169,156.4833505,0.323402977,EAST BURNSIDE AVENUE & JEROME AVENUE & JEROME AVENUE LINE & WEST BURNSIDE AVENUE,40.85382,-73.9073,0,1,0,1,0,0,0,1,0,0,0,1,0,Advance Stop Line for Vehicles
9045741,268,0,160,156.0297335,0.322465393,BELT PARKWAY & BELT PARKWAY EXIT 23 A SB,40.66736,-73.7392,0,0,0,0,0,0,0,0,0,0,0,1,0,Bike Signal Phases
36580,321,0,140,155.8408476,0.322074983,BAISLEY BOULEVARD & GUY R BREWER BOULEVARD,40.67836,-73.7795,0,1,1,0,0,1,1,1,0,0,0,0,1,Advance Stop Line for Vehicles
26197,197,2,133,155.8360772,0.322065123,AVENUE D & UTICA AVENUE,40.64213,-73.9294,0,0,0,0,0,0,0,1,1,0,0,0,1,Convert to Roundabout
26301,157,0,114,155.6612144,0.321703697,2010 CB BOUNDARY & EAST 54 STREET & REMSEN AVENUE & WINTHROP STREET,40.65934,-73.9273,0,1,0,0,0,0,1,1,0,0,0,0,1,Advance Stop Line for Vehicles
44189,184,1,119,155.5485744,0.321470881,CONCOURSE LINE & EAST MOUNT EDEN AVENUE & GRAND CONCOURSE & MOUNT EDEN PARKWAY,40.84318,-73.9119,0,1,0,0,0,1,0,1,0,0,0,1,1,Advance Stop Line for Vehicles
105118,234,0,119,155.5128693,0.321397082,BELT PARKWAY & DISTRICT BOUNDARY,40.66553,-73.7448,0,0,0,0,0,0,0,1,0,0,0,0,1,Install Marked Crosswalks
103618,198,1,132,155.4528479,0.321273023,HEMPSTEAD AVENUE,40.71135,-73.7285,0,0,0,0,0,0,0,1,0,0,0,0,1,Install Marked Crosswalks
35239,322,0,138,155.3391109,0.321037939,HILLSIDE AVENUE & PARSONS BOULEVARD & QUEENS BOULEVARD LINE,40.70772,-73.8028,0,1,1,0,0,0,1,1,1,1,0,1,1,Advance Stop Line for Vehicles
79898,565,0,187,155.1658184,0.320679759,BROOKLYN QUEENS EP EB ET 28 B & BROOKLYN QUEENS EXPRESSWAY,40.70143,-73.9896,0,1,0,1,0,1,1,1,0,0,0,1,1,Advance Stop Line for Vehicles
9009109,452,0,158,155.1544526,0.320656267,LONG ISLAND EXPRESSWAY,40.73765,-73.8509,0,0,0,0,0,0,0,1,0,0,0,0,1,Install Marked Crosswalks
49572,90,0,100,154.623286,0.319558394,MOSHOLU PARKWAY & VAN CORTLANDT PARK SOUTH & WEST GUN HILL ROAD,40.88435,-73.8871,0,0,0,0,0,0,1,1,0,0,0,1,1,Protected Bike Lanes
22816,587,0,84,154.2812944,0.318851529,2 AVENUE & 2 AVENUE LINE & ASTORIA LINE & EAST 60 STREET & QUEENSBORO BRIDGE EXIT,40.76123,-73.9639,0,0,0,0,0,0,1,1,1,0,0,1,1,Protected Bike Lanes
42914,382,0,155,154.0599802,0.318394093,EAST 135 STREET & WILLIS AVENUE & WILLIS AVENUE BRIDGE & WILLIS AVENUE BRIDGE BIKE PATH,40.80719,-73.9243,0,1,0,0,0,1,0,1,0,1,0,1,1,Advance Stop Line for Vehicles
19492,364,1,88,153.6138311,0.317471944,WILLIAMSBURG ST WEST & WYTHE AVENUE,40.70166,-73.9615,0,1,0,0,0,0,1,1,0,0,0,1,1,Advance Stop Line for Vehicles
15975,516,2,161,153.2248431,0.316667941,FLATBUSH AVENUE EXTENSION & MANHATTAN BRIDGE LINE & MYRTLE AVENUE,40.69365,-73.9833,0,0,0,1,0,0,0,1,1,0,0,1,1,Convert to Roundabout
94065,239,1,107,152.9077084,0.316012453,2010 CB BOUNDARY & BROOKLYN QUEENS EXPRESSWAY,40.71518,-73.952,0,0,0,0,0,1,1,1,0,0,0,1,1,Advance Stop Line for Vehicles
26753,368,1,200,152.8016487,0.315793237,ALBANY AVENUE & EASTERN PARKWAY & EASTERN PARKWAY LINE,40.66925,-73.9394,0,0,1,0,0,0,0,1,0,0,0,1,1,Turn Calming
21409,742,0,137,152.4136337,0.314991245,8 AVENUE & 8 AVENUE LINE & WEST 42 STREET,40.75723,-73.9898,0,0,0,0,0,0,0,1,1,0,0,1,1,Convert to Roundabout
27326,313,2,128,152.0611249,0.314262642,BROADWAY & DISTRICT BOUNDARY & FLUSHING AVENUE & JAMAICA LINE,40.70072,-73.9419,0,1,1,1,0,0,0,1,0,0,0,0,1,Advance Stop Line for Vehicles
32378,454,1,190,151.5572649,0.31322121,METROPOLITAN AVENUE & WOODHAVEN BOULEVARD,40.71184,-73.8598,0,0,0,0,0,1,0,1,1,0,0,1,1,Advance Stop Line for Vehicles
44137,307,1,128,151.4740075,0.313049124,UNIVERSITY AVENUE & WEST TREMONT AVENUE,40.85048,-73.9154,0,1,0,0,0,0,0,1,1,0,0,1,1,Advance Stop Line for Vehicles
16594,366,1,131,150.7336751,0.311518925,AVENUE Z & OCEAN PARKWAY,40.58667,-73.9662,0,0,1,0,0,0,0,1,0,0,0,1,1,Turn Calming
22813,430,1,129,149.8942553,0.309783921,2 AVENUE & 2 AVENUE LINE & EAST 58 STREET,40.75998,-73.9648,0,1,0,0,0,0,1,1,1,0,0,1,1,Advance Stop Line for Vehicles
44768,101,0,69,149.7174984,0.309418581,SEDGWICK AVENUE & WEBB AVENUE & WEST FORDHAM ROAD,40.86315,-73.9091,0,0,0,0,0,0,0,1,1,1,0,0,1,Reduce Speed Limits
32432,448,0,172,149.3607315,0.308681176,MYRTLE AVENUE & WOODHAVEN BOULEVARD,40.70259,-73.8553,0,0,0,0,0,0,0,1,1,1,0,0,1,Reduce Speed Limits
23799,680,0,113,149.2718745,0.308497517,1 AVENUE & EAST 96 STREET,40.78325,-73.9447,0,0,1,0,0,1,0,1,1,0,0,1,1,Turn Calming
86841,259,0,109,148.9439078,0.30781964,188 STREET & GRAND CENTRAL PARKWAY,40.72229,-73.7772,0,0,0,0,0,0,0,1,0,0,0,0,1,Install Marked Crosswalks
13784,552,1,104,148.434641,0.306767032,65 STREET & 7 AVENUE,40.63396,-74.0148,0,0,0,0,0,0,1,1,0,0,0,1,1,Protected Bike Lanes
68566,177,0,109,148.002017,0.305872838,3 AVENUE & EAST 138 STREET & MORRIS AVENUE & PELHAM LINE,40.81108,-73.9273,0,1,0,0,0,1,0,1,0,0,0,1,1,Advance Stop Line for Vehicles
84638,245,0,100,147.7843304,0.3054229,BROOK AVENUE & MAJOR DEEGAN EXPRESSWAY,40.80541,-73.9208,0,0,0,0,0,0,0,1,0,0,0,0,1,Install Marked Crosswalks
45430,335,2,108,146.9652877,0.303730014,69 STREET & BORDEN AVENUE & GRAND AVENUE,40.72592,-73.8953,0,1,1,0,0,0,0,1,0,0,0,1,1,Turn Calming
21460,543,1,120,146.9440695,0.303686158,42 STREET SHUTTLE LINE & 6 AVENUE LINE & AVENUE OF THE AMERICAS & WEST 42 STREET,40.75484,-73.9841,0,1,0,0,0,0,1,1,1,0,0,1,1,Advance Stop Line for Vehicles
24327,301,1,129,146.3219482,0.30240029,BROADWAY & IRT-1-BROADWAY/ 7 AVENUE LINE & WEST 145 STREET,40.82643,-73.9504,0,1,0,0,0,0,0,1,0,0,0,0,0,Add Pedestrian Crossing Signals
7571,285,0,126,146.0282135,0.301793167,HYLAN BOULEVARD & MIDLAND AVENUE,40.57794,-74.1023,0,1,1,0,0,0,1,1,1,0,0,1,1,Advance Stop Line for Vehicles
53367,417,1,114,145.9635036,0.301659418,ALLERTON AVENUE & BRONX PARK EAST & DISTRICT BOUNDARY & MOSHOLU PARKWAY GREENWAY & SOUTHERN BOULEVARD,40.86536,-73.8704,0,1,0,0,0,0,1,1,0,0,0,1,1,Advance Stop Line for Vehicles
85638,455,0,125,145.8231714,0.301369364,ATLANTIC AVENUE & BROOKLYN QUEENS EXPRESSWAY,40.69154,-73.9991,0,0,0,0,0,1,0,1,0,0,0,0,1,Curb Extensions (Bulb-outs)
41777,201,1,90,145.663742,0.301039838,34 AVENUE & 48 STREET & NORTHERN BOULEVARD & QUEENS BOULEVARD LINE,40.75368,-73.9145,0,1,1,0,0,0,1,1,0,0,0,1,1,Advance Stop Line for Vehicles
85568,318,0,122,145.1783836,0.300036646,BROOKLYN QUEENS EXPRESSWAY & METROPOLITAN AVENUE,40.71406,-73.953,0,0,0,0,0,0,1,1,0,0,0,1,1,Protected Bike Lanes
18959,413,0,183,144.5045851,0.298643967,EASTERN PARKWAY & EASTERN PARKWAY LINE & NOSTRAND AVENUE,40.66986,-73.9505,0,0,0,0,0,0,0,1,1,0,0,1,1,Convert to Roundabout
36541,381,2,140,144.4669831,0.298566247,ROCKAWAY BOULEVARD & SOUTH CONDUIT AVENUE,40.66675,-73.7799,0,0,0,0,0,0,0,1,0,0,0,0,1,Install Marked Crosswalks
3103,228,0,118,144.1434785,0.297897592,FOREST HILL ROAD & RICHMOND AVENUE,40.57083,-74.1698,0,0,0,0,0,1,0,1,1,0,0,1,1,Advance Stop Line for Vehicles
12182,287,0,86,144.0330724,0.297669393,6 AVENUE & 65 STREET & GOWANUS EXPWY EB EN 6 AVE,40.63552,-74.0167,0,0,0,0,0,0,1,1,0,0,0,0,1,Advance Stop Line for Vehicles
42513,290,3,125,143.6330241,0.29684253,5 AVENUE & EAST 135 STREET & WEST 135 STREET,40.81274,-73.9376,0,0,1,0,0,0,1,1,0,0,0,1,1,Turn Calming
17365,503,1,174,143.55713,0.296685664,AVENUE J & OCEAN PARKWAY,40.62417,-73.9705,0,0,0,0,0,0,0,1,0,1,0,1,1,Turn Calming
42516,236,0,100,143.4498541,0.296463934,EAST 135 STREET & HARLEM RIVER DRIVE EXIT 21 NB & HARLEM RIVER DRIVE GREENWAY & MADISON AVE BRDG PED & BIKE PATH & MADISON AVENUE & MADISON AVENUE BRIDGE,40.81206,-73.936,0,1,1,0,0,0,1,1,0,0,0,1,1,Advance Stop Line for Vehicles
17839,384,0,177,143.0565706,0.295651053,AVENUE H & FLATBUSH AVENUE,40.63171,-73.9465,0,1,1,1,0,0,0,1,0,0,0,0,1,Advance Stop Line for Vehicles
92912,299,0,101,143.0321732,0.295600626,ALLEN STREET & DELANCEY STREET & NASSAU STREET LINE,40.7192,-73.9904,0,0,0,0,0,0,0,1,1,0,0,1,1,Convert to Roundabout
27429,298,0,159,142.8074523,0.295136149,BUSHWICK AVENUE & DISTRICT BOUNDARY & FLUSHING AVENUE,40.70191,-73.937,0,1,1,0,0,0,0,1,0,0,0,0,1,Leading Pedestrian Interval (LPI)
26357,378,0,164,142.3067633,0.29410127,2020 CB BOUNDARY & KINGS HIGHWAY & LINDEN BOULEVARD,40.65432,-73.9222,0,0,0,0,0,0,1,1,0,0,0,0,1,Advance Stop Line for Vehicles
16626,210,0,112,142.1852178,0.293850047,AVENUE S & OCEAN PARKWAY,40.60247,-73.9664,0,0,0,0,0,0,0,1,0,0,0,1,1,Advance Stop Line for Vehicles
105988,314,2,106,142.0510583,0.293572751,CROSS BRONX EXPRESSWAY,40.83609,-73.8705,0,0,0,0,0,0,0,1,0,0,0,0,1,Install Marked Crosswalks
21288,692,0,71,142.0127042,0.293493477,10 AVENUE & FLUSHING LINE & WEST 41 STREET,40.759,-73.9959,0,1,0,0,0,0,1,1,0,0,0,1,1,Advance Stop Line for Vehicles
45500,312,0,149,141.5883786,0.292616435,69 STREET & QUEENS BOULEVARD,40.74027,-73.8959,0,0,0,1,0,0,0,1,0,0,0,1,1,Advance Stop Line for Vehicles
62560,85,0,58,141.04224,0.291487617,CROSS ISLAND PARKWAY & JAMAICA AVENUE & JERICHO TURNPIKE,40.72434,-73.7246,0,0,0,0,0,0,1,1,0,0,0,0,1,Advance Stop Line for Vehicles
43755,253,1,110,140.910997,0.291216349,EAST 161 STREET & JEROME AVENUE LINE & RIVER AVENUE,40.82781,-73.9259,0,0,0,0,0,0,0,1,1,0,0,1,1,Convert to Roundabout
29297,338,0,127,140.6001119,0.290573778,FULTON STREET LINE & LIBERTY AVENUE & PENNSYLVANIA AVENUE,40.6744,-73.8965,0,1,1,0,0,0,0,1,0,0,0,1,1,Turn Calming
19022,307,0,131,140.1137935,0.289568603,ATLANTIC AVENUE & LIRR ATLANTIC LINE & NOSTRAND AVENUE,40.67846,-73.9497,0,1,0,0,0,1,1,1,1,0,0,0,1,Advance Stop Line for Vehicles
48263,355,1,122,139.6809973,0.288674053,BRONX RIVER AVENUE & CLOSE AVENUE & PELHAM LINE & WESTCHESTER AVENUE & WESTCHESTER AVENUE BRIDGE,40.8283,-73.883,0,0,0,0,0,0,0,1,0,0,0,1,1,Advance Stop Line for Vehicles
47818,117,0,88,139.5323902,0.288366895,CONCOURSE LINE & EAST BURNSIDE AVENUE & GRAND CONCOURSE,40.85238,-73.9036,0,0,0,0,0,1,0,1,0,0,0,1,1,Advance Stop Line for Vehicles
78053,100,0,60,139.0937118,0.287460187,BOWERY & CANAL STREET,40.71664,-73.9958,0,1,0,0,0,0,0,1,0,0,0,0,1,Leading Pedestrian Interval (LPI)
27560,247,0,105,138.2669001,0.285751243,BUSHWICK AVENUE & MYRTLE AVENUE & MYRTLE AVENUE LINE,40.69732,-73.9323,0,0,0,0,0,0,0,1,0,0,0,1,0,Advance Stop Line for Vehicles
26704,373,0,130,138.1489033,0.285507355,EASTERN PARKWAY & EASTERN PARKWAY LINE & KINGSTON AVENUE,40.6694,-73.9422,0,0,0,0,0,0,1,1,0,0,0,1,1,Protected Bike Lanes
24312,314,0,105,137.5815393,0.284334665,8 AVENUE LINE & DISTRICT BOUNDARY & ST NICHOLAS AVENUE & WEST 145 STREET,40.82403,-73.9448,0,1,1,0,0,0,0,1,0,0,0,1,1,Turn Calming
18181,386,0,155,137.362658,0.283882258,EAST DRIVE & OCEAN AVENUE & PARKSIDE AVENUE,40.65488,-73.9619,0,1,1,1,0,0,0,1,0,0,0,1,1,Advance Stop Line for Vehicles
7567,273,0,106,137.2739856,0.28369898,HYLAN BOULEVARD & LINCOLN AVENUE,40.5765,-74.1037,0,0,0,0,0,1,1,1,1,0,0,0,1,Advance Stop Line for Vehicles
27195,338,1,157,137.1650851,0.283473893,CT BOUNDARY & EASTERN PARKWAY & ROCKAWAY AVENUE & ST MARKS AVENUE,40.67308,-73.9112,0,0,0,0,0,0,0,1,0,1,0,1,1,Turn Calming
12152,73,0,65,137.0474565,0.283230765,3 AVENUE & 60 STREET & GOWANUS EXPRESSWAY,40.64204,-74.0204,0,1,0,0,0,0,1,1,0,1,0,0,1,Advance Stop Line for Vehicles
16046,471,0,124,136.6973915,0.282507213,4 AVENUE LINE & DEKALB AVENUE & FLATBUSH AVENUE EXTENSION & UNIVERSITY PLAZA,40.68993,-73.9815,0,1,1,0,0,1,0,1,0,0,0,1,1,Advance Stop Line for Vehicles
20778,381,1,141,136.6854759,0.282482584,1 AVENUE & ALLEN STREET & EAST HOUSTON STREET,40.72293,-73.9886,0,0,1,0,0,0,1,1,1,0,0,1,1,Turn Calming
29340,306,0,141,136.5946937,0.282294946,NEW LOTS AVENUE & PENNSYLVANIA AVENUE,40.66184,-73.8931,0,1,1,0,0,0,1,1,0,0,0,1,1,Advance Stop Line for Vehicles
23830,189,2,86,136.4409198,0.281977109,3 AVENUE & EAST 106 STREET,40.79157,-73.9447,0,1,1,0,0,1,1,1,1,0,0,1,1,Advance Stop Line for Vehicles
25350,266,0,102,136.262196,0.281607704,BELT PARKWAY & BELT PARKWAY EXIT 11 SOUTH EB,40.59295,-73.9081,0,0,0,0,0,0,0,0,0,0,0,1,0,Bike Signal Phases
18688,41,0,42,136.0747498,0.281220269,EASTERN PARKWAY LINE & FLATBUSH AVENUE & GRAND ARMY PLAZA,40.67485,-73.9708,0,0,0,0,0,0,1,1,1,0,0,1,1,Protected Bike Lanes
30986,367,2,104,135.7524685,0.280554143,ERSKINE STREET & GATEWAY DRIVE & SEAVIEW AVENUE & SPRING CREEK GREENWAY,40.6529,-73.8667,0,0,0,0,0,0,0,1,0,0,0,1,1,Advance Stop Line for Vehicles
26502,288,0,130,135.2250101,0.279463935,DITMAS AVENUE & REMSEN AVENUE,40.6481,-73.9147,0,0,1,0,0,0,0,1,0,0,0,0,1,Turn Calming
43135,598,2,193,134.9321578,0.278858636,BRUCKNER BOULEVARD & EAST 138 STREET,40.80472,-73.9125,0,1,0,0,0,1,0,1,0,0,0,1,1,Advance Stop Line for Vehicles
42850,248,1,116,134.623417,0.278220498,EAST 144 STREET & GRAND CONCOURSE & JEROME AVENUE LINE,40.81654,-73.9282,0,0,0,0,0,0,0,1,0,0,0,1,1,Advance Stop Line for Vehicles
18762,490,0,212,134.5957649,0.278163343,BRIGHTON LINE & EMPIRE BOULEVARD & FLATBUSH AVENUE & OCEAN AVENUE,40.66309,-73.9624,0,1,0,1,0,0,0,1,0,0,0,1,1,Advance Stop Line for Vehicles
15534,455,1,97,134.4242154,0.277808766,ATLANTIC AVENUE & HICKS STREET,40.69119,-73.9978,0,1,0,0,0,1,0,1,0,0,0,0,1,Leading Pedestrian Interval (LPI)
19482,414,0,91,133.5101955,0.275919571,CLASSON AVENUE & FLUSHING AVENUE,40.69819,-73.9619,0,0,0,1,0,0,0,1,0,0,0,1,1,Advance Stop Line for Vehicles
95243,270,0,112,132.7886789,0.274428262,BELT PARKWAY & ROCKAWAY PARKWAY,40.63043,-73.8859,0,0,0,0,0,1,0,1,0,0,0,1,1,Advance Stop Line for Vehicles
23746,202,0,97,132.7678873,0.274385287,EAST 106 STREET & METRO NORTH-CONNECTING RAIL LINE & PARK AVENUE,40.79293,-73.9479,0,1,0,0,0,0,0,1,0,0,0,1,1,Leading Pedestrian Interval (LPI)
55441,228,0,92,132.6963236,0.274237372,NORTHERN BOULEVARD & PRINCE STREET,40.76275,-73.8333,0,0,0,0,0,0,0,1,0,0,0,1,1,Advance Stop Line for Vehicles
18976,229,2,104,132.253758,0.273322629,BEDFORD AVENUE & FULTON STREET & FULTON STREET LINE,40.68064,-73.9534,0,1,1,1,0,1,1,1,1,0,0,1,1,Advance Stop Line for Vehicles
54215,415,0,136,132.1127392,0.273031156,BRONX BOULEVARD & EAST 233 STREET,40.89466,-73.8614,0,0,0,0,0,0,0,1,0,0,0,1,1,Advance Stop Line for Vehicles
9065302,192,0,160,131.9563478,0.27270791,BRONX RIVER PARKWAY EXIT 9 NB & BRONX RIVER SHORELINE,40.87634,-73.8706,0,0,0,0,0,0,0,0,0,1,0,1,1,Speed Humps or Speed Tables
39325,359,1,151,131.9420435,0.272678344,FRANCIS LEWIS BOULEVARD & SUNRISE HIGHWAY,40.66561,-73.7357,0,0,0,0,0,0,0,1,0,0,0,0,1,Install Marked Crosswalks
31394,239,0,172,131.7779654,0.27233921,DREW STREET & LINDEN BOULEVARD,40.66972,-73.861,0,0,0,0,0,0,0,1,0,0,0,0,1,Install Marked Crosswalks
50578,235,0,185,131.7690042,0.272320688,69 ROAD & GRAND CENTRAL PARKWAY,40.72645,-73.8379,0,0,0,0,0,0,0,0,0,0,0,1,0,Bike Signal Phases
9030258,264,0,93,131.7059258,0.27219031,CROSS ISLAND PARKWAY,40.76202,-73.7568,0,0,0,0,0,0,0,0,0,0,0,1,1,High-Friction Surface Treatment
9062668,277,0,94,131.7043432,0.272187039,ALEXANDER HAMILTON BRIDGE & MAJOR DEEGAN ENTRANCE NORTHBOUND,40.84495,-73.9265,0,0,0,0,0,0,0,0,0,0,0,0,0,Raised Crosswalk 
15093,264,0,99,131.560897,0.271890549,CROSSTOWN LINE & EASTERN PARKWAY LINE & FLATBUSH AVENUE & FULTON STREET LINE & LAFAYETTE AVENUE,40.68668,-73.9794,0,1,1,0,1,1,1,1,1,0,0,1,1,Advance Stop Line for Vehicles
19071,239,1,105,131.442682,0.27164621,ATLANTIC AVENUE & BROOKLYN AVENUE & LIRR ATLANTIC LINE,40.67816,-73.9442,0,1,0,0,0,1,0,1,0,0,0,1,1,Advance Stop Line for Vehicles
58298,426,1,127,131.3833728,0.271523623,BOSTON ROAD & CONNER STREET & PROVOST AVENUE,40.88599,-73.8279,0,0,0,0,0,0,0,1,0,0,0,0,1,Install Marked Crosswalks
96888,215,0,92,131.1040144,0.270946215,GRAND CENTRAL PARKWAY & LONG ISLAND EXPRESSWAY,40.73999,-73.8456,0,0,0,0,0,0,0,0,0,0,0,0,0,Raised Crosswalk 
39500,302,0,143,130.8058334,0.270329902,HOOK CREEK BOULEVARD & SUNRISE HIGHWAY,40.66556,-73.7298,0,0,0,0,0,0,1,1,0,0,0,0,1,Advance Stop Line for Vehicles
26865,249,2,122,130.6934166,0.270097547,ST JOHNS PLACE & UTICA AVENUE,40.67058,-73.931,0,1,1,0,0,1,0,1,1,0,0,1,1,Advance Stop Line for Vehicles
61748,226,0,70,130.6672511,0.270043465,CROSS ISLAND PARKWAY & NORTHERN BOULEVARD,40.76226,-73.757,0,0,0,0,0,0,0,0,0,0,0,1,1,High-Friction Surface Treatment
8887,308,0,112,130.4623726,0.26962,CLOVE ROAD & VICTORY BOULEVARD,40.61642,-74.1035,0,0,1,0,0,1,0,1,0,0,0,1,1,Turn Calming
19005,225,1,100,130.1504591,0.268975303,NOSTRAND AVENUE & ST JOHNS PLACE,40.67164,-73.9503,0,1,1,0,0,0,0,1,1,0,0,1,1,Turn Calming
36400,244,0,150,130.0977354,0.268866328,BAISLEY BOULEVARD & ROCKAWAY BOULEVARD,40.67238,-73.7857,0,0,0,0,0,0,1,1,0,0,0,0,1,Advance Stop Line for Vehicles
18243,387,0,179,129.8815406,0.268419473,CHURCH AVENUE & FLATBUSH AVENUE,40.65039,-73.9587,0,1,1,1,0,1,0,1,0,0,0,0,1,Advance Stop Line for Vehicles
17927,216,0,97,129.8235536,0.268299619,CORTELYOU ROAD & OCEAN PARKWAY,40.63852,-73.9732,0,1,0,0,0,1,0,1,0,0,0,1,1,Advance Stop Line for Vehicles
16538,274,2,92,129.4991554,0.267629118,NEPTUNE AVENUE & OCEAN PARKWAY,40.58038,-73.9676,0,0,0,0,0,0,0,1,0,0,0,1,1,Advance Stop Line for Vehicles
61220,189,0,86,129.1428832,0.266892736,212 STREET & JAMAICA AVENUE,40.71576,-73.7465,0,0,0,0,0,0,1,1,0,0,0,0,1,Advance Stop Line for Vehicles
19058,343,1,155,128.8297163,0.266245449,BROOKLYN AVENUE & EASTERN PARKWAY & EASTERN PARKWAY LINE,40.66956,-73.945,0,0,1,0,0,1,0,1,0,1,0,1,1,Turn Calming
55425,278,0,90,128.8196706,0.266224685,COLLEGE POINT BOULEVARD & ROOSEVELT AVENUE,40.75829,-73.8343,0,0,0,0,0,0,0,1,0,0,0,1,1,Advance Stop Line for Vehicles
22663,271,0,119,128.6819222,0.265939972,1 AVENUE & EAST 42 STREET & FDR DRIVE EXIT 9 NORTHBOUND & FLUSHING LINE,40.7488,-73.9698,0,1,1,0,0,0,0,1,1,1,0,1,1,Turn Calming
40660,159,1,61,128.2597493,0.265067379,APOLLO STREET & BROOKLYN QUEENS EXPWY WB ET 34 & MEEKER AVENUE & VANDERVOORT AVENUE,40.7242,-73.9376,0,1,0,0,0,0,0,1,0,0,0,1,1,Leading Pedestrian Interval (LPI)
52821,70,0,53,128.2399841,0.265026527,CASTLE HILL AVENUE & CROSS BRONX EXPRESSWAY,40.83029,-73.8506,0,0,0,0,0,0,0,1,0,0,0,1,1,Advance Stop Line for Vehicles
22749,615,0,109,127.8541438,0.26422903,2 AVENUE & 2 AVENUE LINE & EAST 57 STREET,40.75931,-73.9653,0,1,1,0,0,0,1,1,1,0,0,1,1,Advance Stop Line for Vehicles
16333,253,0,112,127.7817068,0.264079309,NEPTUNE AVENUE & SHELL ROAD & WEST 8 STREET,40.57983,-73.9762,0,1,0,0,0,1,0,1,0,0,0,1,1,Advance Stop Line for Vehicles
18956,346,2,121,127.532936,0.263565123,EASTERN PARKWAY & EASTERN PARKWAY LINE & ROGERS AVENUE,40.67001,-73.9533,0,0,0,0,0,0,1,1,1,1,0,1,1,Protected Bike Lanes
59101,90,0,59,127.4359921,0.263364749,FRANCIS LEWIS BOULEVARD & GRAND CENTRAL PARKWAY,40.72633,-73.7662,0,0,0,0,0,0,0,0,0,0,0,0,0,Raised Crosswalk 
24290,289,0,119,127.3757596,0.263240254,ADAM CLAYTON POWELL JR BOULEVARD & WEST 135 STREET,40.81531,-73.9437,0,0,0,0,0,0,1,1,0,0,0,1,1,Protected Bike Lanes
57844,311,0,130,127.204989,0.262887286,BARTOW AVENUE & BAYCHESTER AVENUE,40.86877,-73.8317,0,0,0,0,0,1,0,1,0,0,0,0,1,Curb Extensions (Bulb-outs)
84721,194,0,101,127.029452,0.262524467,BARRETTO STREET & BRUCKNER BOULEVARD,40.8188,-73.8921,0,0,0,0,0,1,0,1,0,0,0,1,1,Advance Stop Line for Vehicles
21392,295,1,112,126.9275191,0.262313782,6 AVENUE LINE & AVENUE OF THE AMERICAS & WEST 34 STREET,40.74979,-73.9878,0,0,0,0,0,0,1,1,1,0,0,1,1,Protected Bike Lanes
42016,255,0,125,126.8804181,0.262216428,3 AVENUE & EAST 116 STREET,40.79795,-73.94,0,1,1,0,0,1,1,1,1,0,0,0,1,Advance Stop Line for Vehicles
42833,159,0,85,126.7381269,0.261922325,EAST 135 STREET & LINCOLN AVENUE,40.80905,-73.9286,0,0,0,0,0,0,1,1,0,0,0,1,1,Protected Bike Lanes
17355,229,1,106,126.6597691,0.261760367,AVENUE M & OCEAN PARKWAY,40.617,-73.9691,0,1,1,0,0,1,0,1,0,0,0,1,1,Advance Stop Line for Vehicles
17396,168,4,101,126.6532088,0.261746807,OCEAN PARKWAY & QUENTIN ROAD,40.60726,-73.9673,0,0,1,0,0,0,0,1,0,0,0,1,1,Turn Calming
26237,257,0,130,126.523971,0.261479685,KINGS HIGHWAY & UTICA AVENUE,40.63413,-73.9285,0,0,0,0,0,0,1,1,1,0,0,0,1,Protected Bike Lanes
86448,198,0,127,126.521118,0.261473788,BELT PARKWAY & COHANCY STREET,40.66635,-73.8349,0,0,0,0,0,0,0,0,0,0,0,0,0,Raised Crosswalk 
22754,684,0,108,126.355748,0.261131983,3 AVENUE & EAST 59 STREET,40.76155,-73.9666,0,0,0,0,0,0,0,1,1,0,0,1,1,Convert to Roundabout
41364,297,0,119,126.2421832,0.260897255,SKILLMAN AVENUE & THOMSON AVENUE,40.74524,-73.9377,0,0,0,0,0,1,0,1,0,0,0,1,1,Advance Stop Line for Vehicles
24163,268,0,117,125.9772294,0.26034962,8 AVENUE LINE & ST NICHOLAS AVENUE & WEST 125 STREET,40.81076,-73.9526,0,1,0,0,0,1,1,1,1,0,0,1,1,Advance Stop Line for Vehicles
29630,166,0,101,125.7110279,0.259799406,FORCE TUBE AVENUE & HIGHLAND BOULEVARD & HIGHLAND PARK GREENWAY & HIGHLAND PLACE & JAMAICA AVENUE,40.68536,-73.8822,0,1,0,0,0,0,1,1,0,0,0,1,1,Advance Stop Line for Vehicles
48224,170,0,101,125.6803724,0.259736043,EAST TREMONT AVENUE & SOUTHERN BOULEVARD,40.84271,-73.8857,0,1,1,0,0,1,0,1,0,0,0,1,1,Advance Stop Line for Vehicles
16624,197,1,109,125.3584561,0.259070672,AVENUE U & OCEAN PARKWAY,40.59783,-73.9655,0,0,1,0,0,0,0,1,0,1,0,1,1,Turn Calming
29830,250,1,164,124.8856183,0.25809336,ATLANTIC AVENUE & CRESCENT STREET & LIRR ATLANTIC LINE,40.68168,-73.8716,0,1,1,0,0,0,0,1,0,0,0,0,1,Leading Pedestrian Interval (LPI)
41943,197,1,88,124.8815302,0.25808491,ASTORIA BOULEVARD NORTH & STEINWAY STREET,40.76943,-73.9102,0,1,1,0,0,0,0,1,0,0,0,0,1,Leading Pedestrian Interval (LPI)
15086,344,1,120,124.8467793,0.258013083,ATLANTIC AVENUE & NEVINS STREET,40.68609,-73.9827,0,1,1,0,0,1,0,1,0,0,0,0,1,Advance Stop Line for Vehicles
29300,403,1,183,124.7365692,0.257785289,ATLANTIC AVENUE & GEORGIA AVENUE,40.67562,-73.8988,0,1,0,0,0,0,0,1,0,0,0,0,1,Leading Pedestrian Interval (LPI)
33830,102,0,71,124.7207322,0.257752555,BELT PARKWAY EXIT 19 EASTBOUND & LEFFERTS BOULEVARD & NASSAU EXPRESSWAY,40.66386,-73.823,0,0,0,0,0,0,0,1,0,0,0,0,0,Install Marked Crosswalks
18907,294,0,118,124.4719901,0.257238428,ATLANTIC AVENUE & FRANKLIN AVENUE & LIRR ATLANTIC LINE,40.6792,-73.9553,0,1,1,0,0,1,1,1,0,0,0,1,1,Advance Stop Line for Vehicles
22470,578,0,112,124.3441434,0.256974181,2 AVENUE & 2 AVENUE LINE & EAST 34 STREET,40.74478,-73.9759,0,1,1,0,0,0,0,1,1,0,0,1,1,Turn Calming
3088,321,1,101,124.3256089,0.256935872,ARTHUR KILL ROAD & NEW SPRINGVILLE GREENWAY & RICHMOND AVENUE,40.56109,-74.1698,0,0,0,0,0,0,0,1,0,0,0,1,1,Advance Stop Line for Vehicles
29256,404,1,128,124.1802665,0.256635462,BUSHWICK AVENUE & CEMETERY OF EVERGRNS BOUNDARY & CONWAY STREET & DISTRICT BOUNDARY,40.68066,-73.9026,0,0,0,0,0,0,0,1,0,0,0,0,1,Install Marked Crosswalks
97490,199,1,93,123.8525989,0.255958203,BELT PARKWAY & BELT PARKWAY EXIT 6 NORTH WB,40.58362,-73.9841,0,0,0,0,0,0,0,1,0,0,0,0,1,Install Marked Crosswalks
42542,271,0,88,123.5827413,0.255400432,2 AVENUE & EAST 126 STREET & RFK BRIDGE PED AND BIKE PATH,40.80342,-73.9331,0,0,0,0,0,0,0,1,0,0,0,1,1,Advance Stop Line for Vehicles
104240,156,0,97,123.5282857,0.255287878,37 STREET & GOWANUS EXPRESSWAY,40.655,-74.0071,0,1,0,0,0,0,0,1,0,0,0,0,1,Leading Pedestrian Interval (LPI)
42071,217,1,91,123.4824392,0.255193117,2 AVENUE & 2 AVENUE LINE & EAST 116 STREET,40.797,-73.9378,0,0,1,0,0,0,0,1,1,0,0,1,0,Turn Calming
22556,642,0,97,123.2447319,0.254701798,2 AVENUE & 2 AVENUE LINE & EAST 36 STREET & QUEENS MIDTOWN TUNNEL ENTRANCE,40.74608,-73.9749,0,0,0,0,0,0,0,1,1,0,0,1,1,Convert to Roundabout
62636,138,0,68,123.2403924,0.254692828,CROSS ISLAND PARKWAY & UNION TURNPIKE,40.74105,-73.7259,0,1,0,0,0,0,0,1,0,0,0,0,1,Leading Pedestrian Interval (LPI)
12842,244,2,87,123.1391196,0.254483507,86 STREET & BAY PARKWAY & WEST END LINE,40.60195,-73.9938,0,1,0,0,0,1,0,1,0,0,0,0,1,Leading Pedestrian Interval (LPI)
18254,307,0,117,123.0865885,0.25437493,2010 CB BOUNDARY & FLATBUSH AVENUE & PARKSIDE AVENUE,40.65563,-73.9599,0,1,1,0,0,1,0,1,0,0,0,0,1,Advance Stop Line for Vehicles
19006,240,0,110,122.828524,0.253841534,EASTERN PARKWAY & EASTERN PARKWAY LINE & NEW YORK AVENUE,40.66971,-73.9477,0,0,0,0,0,1,0,1,0,1,0,1,1,Advance Stop Line for Vehicles
24020,400,1,97,122.7168351,0.253610684,BROADWAY & IRT-1-BROADWAY/ 7 AVENUE LINE & WEST 125 STREET,40.81569,-73.9583,0,0,0,0,0,1,0,1,0,0,0,1,1,Advance Stop Line for Vehicles
38808,287,1,120,122.5326136,0.253229915,SOUTH CONDUIT AVENUE & SPRINGFIELD BOULEVARD,40.66564,-73.7582,0,0,0,0,0,0,1,1,0,0,0,1,1,Protected Bike Lanes
22915,485,0,98,122.4151697,0.252987169,1 AVENUE & EAST 62 STREET,40.76148,-73.9606,0,1,0,0,0,0,1,1,1,0,0,1,1,Advance Stop Line for Vehicles
26530,225,1,115,122.2426973,0.252630684,EAST 80 STREET & FLATLANDS AVENUE,40.63551,-73.9133,0,0,0,0,0,0,0,1,0,0,0,0,1,Install Marked Crosswalks
28911,252,1,129,122.1963457,0.25253488,PENNSYLVANIA AVENUE & STANLEY AVENUE,40.65698,-73.8894,0,0,1,0,0,0,1,1,0,0,0,0,1,Turn Calming
29345,285,0,130,122.1729819,0.252486589,LIVONIA AVENUE & NEW LOTS LINE & PENNSYLVANIA AVENUE,40.66475,-73.894,0,1,0,0,0,0,1,1,0,0,0,0,1,Advance Stop Line for Vehicles
21147,370,0,91,122.0768827,0.25228796,11 AVENUE & AMTRAK-NORTHEAST LINE & FLUSHING LINE & WEST 34 STREET,40.75578,-74.002,0,0,0,0,0,1,0,1,1,0,0,0,1,Advance Stop Line for Vehicles
38902,216,0,126,122.0297373,0.252190515,225 STREET & SOUTH CONDUIT AVENUE,40.66549,-73.7523,0,0,0,0,0,0,1,1,0,0,0,0,1,Advance Stop Line for Vehicles
45135,277,0,116,121.8169701,0.251750745,MAURICE AVENUE & QUEENS MIDTOWN EXPRESSWAY,40.72773,-73.9067,0,0,0,0,0,0,0,1,0,0,0,0,1,Install Marked Crosswalks
36808,325,0,106,121.624137,0.251352177,FARMERS BOULEVARD & NORTH CONDUIT AVENUE,40.66743,-73.7668,0,0,0,0,0,0,0,1,0,0,0,0,0,Install Marked Crosswalks
44082,180,0,123,121.608026,0.251318877,CONCOURSE LINE & EAST 169 STREET & GRAND CONCOURSE,40.83639,-73.9159,0,1,0,0,0,1,0,1,0,1,0,1,1,Advance Stop Line for Vehicles
17929,207,1,109,121.599261,0.25130076,DITMAS AVENUE & OCEAN PARKWAY,40.63613,-73.9727,0,1,0,0,0,1,0,1,0,1,0,1,1,Advance Stop Line for Vehicles
89273,301,0,76,120.6963543,0.249434535,2010 CB BOUNDARY & FRANKLIN D ROOSEVELT DRIVE,40.76126,-73.9557,0,0,0,0,0,0,0,0,0,0,0,1,1,High-Friction Surface Treatment
9031028,171,1,89,120.6218551,0.249280552,BRUCKNER EXPRESSWAY & PELHAM PARKWAY GREENWAY,40.85638,-73.8263,0,0,0,0,0,0,0,0,0,0,0,1,0,Bike Signal Phases
26220,317,0,173,120.4620254,0.248950198,LINDEN BOULEVARD & UTICA AVENUE,40.6538,-73.9306,0,1,0,0,0,0,0,1,1,0,0,0,1,Leading Pedestrian Interval (LPI)
21002,382,0,100,120.1533792,0.248312255,2 AVENUE & 2 AVENUE LINE & EAST 23 STREET,40.73789,-73.9809,0,1,1,1,0,1,0,1,1,0,0,1,0,Advance Stop Line for Vehicles
48750,229,0,116,120.0516489,0.248101988,CONCOURSE LINE & EAST 188 STREET & GRAND CONCOURSE,40.86135,-73.8977,0,1,0,0,0,1,0,1,0,0,0,1,1,Advance Stop Line for Vehicles
99876,315,0,115,119.9465188,0.247884694,VAN WYCK EXPRESSWAY,40.70316,-73.8166,0,0,0,0,0,0,0,0,0,0,0,0,1,High-Friction Surface Treatment
58623,183,0,95,119.7753126,0.247530826,GRAND CENTRAL PARKWAY & HOMELAWN STREET & UTOPIA PARKWAY,40.72013,-73.7904,0,1,0,0,0,0,0,1,0,0,0,0,1,Leading Pedestrian Interval (LPI)
20574,239,1,106,119.7287779,0.247434643,6 AVENUE LINE & CHRYSTIE STREET & GRAND STREET,40.71814,-73.9938,0,1,1,0,0,0,0,1,0,0,0,1,1,Turn Calming
18838,310,1,127,119.7090344,0.247393835,EASTERN PARKWAY & EASTERN PARKWAY LINE & FRANKLIN AVENUE,40.67066,-73.958,0,0,1,0,0,0,0,1,0,1,0,1,1,Turn Calming
17399,369,2,142,119.6388178,0.247248704,AVENUE P & OCEAN PARKWAY,40.60942,-73.9677,0,0,0,0,0,1,0,1,0,0,0,1,1,Advance Stop Line for Vehicles
20695,676,0,119,119.5940542,0.247156181,BOWERY & EAST HOUSTON STREET,40.72414,-73.9926,0,0,0,0,0,0,0,1,0,0,0,1,1,Advance Stop Line for Vehicles
103969,461,1,125,119.5678724,0.247102066,FDR DRIVE SB ENTRANCE E 78 ST,40.76889,-73.9491,0,0,0,0,0,0,0,0,0,0,0,1,1,High-Friction Surface Treatment
26232,310,1,163,119.4863773,0.246933623,UTICA AVENUE & WINTHROP STREET,40.6583,-73.9311,0,0,1,0,0,0,0,1,1,0,0,0,1,Turn Calming
52370,187,3,94,119.439808,0.246837369,BRUCKNER BOULEVARD & ROSEDALE AVENUE,40.8252,-73.8677,0,0,0,0,0,0,0,1,0,0,0,1,1,Advance Stop Line for Vehicles
42996,306,0,113,119.4152658,0.246786642,COURTLANDT AVENUE & EAST 149 STREET & WHITE PLAINS ROAD LINE,40.81655,-73.9195,0,0,0,1,1,1,0,1,1,0,0,1,1,Advance Stop Line for Vehicles
17354,262,0,104,119.4134417,0.246782872,AVENUE L & OCEAN PARKWAY,40.6194,-73.9696,0,1,0,0,0,1,0,1,0,1,0,1,1,Advance Stop Line for Vehicles
48160,260,0,107,119.3924378,0.246739459,WESTCHESTER AVENUE & WHITLOCK AVENUE,40.82766,-73.8861,0,0,0,0,0,0,0,1,0,0,0,1,1,Advance Stop Line for Vehicles
48736,255,2,151,119.2656925,0.246477488,CONCOURSE LINE & EAST 184 STREET & GRAND CONCOURSE,40.85931,-73.8988,0,1,0,0,0,1,0,1,0,0,0,1,1,Advance Stop Line for Vehicles
27022,266,0,153,119.2566949,0.246458891,KINGS HIGHWAY & ROCKAWAY PARKWAY,40.66077,-73.9197,0,0,0,0,0,0,1,1,0,0,0,1,1,Protected Bike Lanes
18914,218,1,123,119.2523322,0.246449873,FRANKLIN AVENUE & FULTON STREET & FULTON STREET LINE,40.68114,-73.9557,0,0,1,0,0,0,0,1,0,0,0,1,1,Turn Calming
98309,188,0,95,119.2479035,0.24644072,VAN WYCK EXPRESSWAY,40.72955,-73.8338,0,0,0,0,0,0,0,0,0,0,0,1,0,Bike Signal Phases
38495,40,0,41,118.9624723,0.24585076,BROOKVILLE BOULEVARD & ROCKAWAY BOULEVARD,40.64064,-73.7434,0,0,0,0,0,1,0,1,0,0,0,0,1,Curb Extensions (Bulb-outs)
85401,194,0,80,118.887973,0.245696776,BELT PARKWAY & BELT PKWY EB EN CROPSEY AVE SB,40.58352,-73.9841,0,0,0,0,0,0,0,0,0,0,0,0,1,High-Friction Surface Treatment
18702,185,0,88,118.6190962,0.245141033,ATLANTIC AVENUE & CARLTON AVENUE & LIRR ATLANTIC LINE,40.68242,-73.9707,0,0,0,0,0,0,0,1,0,1,0,1,1,Turn Calming
43530,79,0,59,118.3922573,0.244672177,ADAM CLAYTON POWELL JR BOULEVARD & HARLEM RIVER DRIVE & MACOMBS PLACE & WEST 155 STREET,40.82803,-73.9348,0,0,0,0,0,1,1,1,0,0,0,1,1,Advance Stop Line for Vehicles
26225,285,0,128,118.2432941,0.244364284,CLARKSON AVENUE & UTICA AVENUE,40.65661,-73.9309,0,1,1,0,0,0,0,1,1,0,0,0,1,Advance Stop Line for Vehicles
21503,289,0,120,118.1426229,0.244156206,EAST 34 STREET & LEXINGTON AVENUE LINE & PARK AVENUE,40.74708,-73.9813,0,0,0,0,0,0,0,1,1,0,0,0,0,Advance Stop Line for Vehicles
20691,394,0,118,117.9900109,0.243840771,2 AVENUE & 2 AVENUE LINE & CHRYSTIE STREET & EAST HOUSTON STREET,40.72365,-73.991,0,1,1,0,0,0,1,1,0,0,0,1,1,Advance Stop Line for Vehicles
16047,421,0,115,117.8738952,0.24360077,FLATBUSH AVENUE & FLATBUSH AVENUE EXTENSION & FULTON STREET,40.6889,-73.9809,0,1,0,0,0,1,0,1,1,0,0,0,1,Advance Stop Line for Vehicles
18877,240,0,125,117.8492324,0.243549795,BEDFORD AVENUE & EMPIRE BOULEVARD,40.66352,-73.9572,0,1,1,0,0,0,1,1,0,0,0,1,1,Advance Stop Line for Vehicles
26233,253,0,142,117.8003762,0.243448813,RUTLAND ROAD & UTICA AVENUE,40.66059,-73.9313,0,0,1,0,0,0,0,1,1,0,0,0,1,Turn Calming
20369,546,0,105,117.7903333,0.243428056,BROADWAY & BROADWAY LINE & CANAL STREET,40.7194,-74.0019,0,0,0,0,0,0,1,1,1,0,0,0,1,Protected Bike Lanes
14739,114,0,44,117.742106,0.243328374,2000 CB BOUNDARY & 3 AVENUE & GOWANUS EXPWY WB EN HAMILTON AVE & HAMILTON AVENUE,40.66708,-73.9951,0,0,0,0,0,0,0,1,0,0,0,0,1,Install Marked Crosswalks
50276,192,0,79,117.7384189,0.243320753,QUEENS BOULEVARD & QUEENS BOULEVARD LINE & YELLOWSTONE BOULEVARD,40.72293,-73.8473,0,0,0,0,0,1,0,1,0,0,0,1,1,Advance Stop Line for Vehicles
22575,440,0,132,117.5963671,0.243027145,2 AVENUE & 2 AVENUE LINE & EAST 42 STREET & FLUSHING LINE,40.74982,-73.9722,0,1,1,0,0,1,1,1,1,0,0,1,1,Advance Stop Line for Vehicles
21407,513,1,123,117.4509899,0.242726664,7 AVENUE & IRT-1-BROADWAY/ 7 AVENUE LINE & WEST 42 STREET,40.75604,-73.9869,0,0,0,0,0,1,1,1,1,0,0,1,1,Advance Stop Line for Vehicles
94066,169,0,73,117.3779711,0.242575741,BROOKLYN QUEENS EXPRESSWAY & METROPOLITAN AVENUE,40.71407,-73.9533,0,0,0,0,0,0,1,1,0,0,0,1,1,Protected Bike Lanes
52583,69,0,45,117.0590077,0.241916472,CROSS BRONX EXPRESSWAY & WHITE PLAINS ROAD,40.83396,-73.8629,0,0,0,0,0,0,0,1,0,0,0,0,1,Install Marked Crosswalks
24255,240,0,106,116.720456,0.241216717,AMSTERDAM AVENUE & WEST 145 STREET,40.82523,-73.9476,0,1,1,0,0,0,0,1,0,0,0,1,0,Turn Calming
49938,285,2,86,116.6210115,0.241011175,63 DRIVE & 63 ROAD & QUEENS BOULEVARD & QUEENS BOULEVARD LINE,40.73012,-73.8623,0,1,0,0,0,1,0,1,0,0,0,1,1,Advance Stop Line for Vehicles
39252,352,2,134,116.5963084,0.240960115,BROOKVILLE BOULEVARD & SUNRISE HIGHWAY,40.66563,-73.7392,0,0,0,0,0,0,1,1,0,0,0,0,1,Advance Stop Line for Vehicles
47454,210,1,96,116.4509941,0.240659764,SOUTHERN BOULEVARD & WESTCHESTER AVENUE,40.82466,-73.8919,0,0,0,0,0,0,1,1,0,0,0,1,1,Protected Bike Lanes
17295,217,1,105,116.3869325,0.240527355,BAY PARKWAY & CULVER LINE & MCDONALD AVENUE,40.62091,-73.9753,0,1,0,0,0,0,0,1,0,0,0,0,1,Leading Pedestrian Interval (LPI)
15720,501,0,97,116.2424827,0.24022879,ATLANTIC AVENUE & BOERUM PLACE,40.68914,-73.9907,0,0,0,1,0,1,0,1,0,0,0,1,1,Advance Stop Line for Vehicles
38973,319,0,128,116.1129202,0.239960996,MERRICK BOULEVARD & SPRINGFIELD BOULEVARD,40.68012,-73.7532,0,0,0,0,0,0,1,1,1,0,0,0,1,Protected Bike Lanes
19748,247,0,96,116.0131432,0.239754766,MYRTLE AVENUE & NOSTRAND AVENUE,40.695,-73.9525,0,1,0,0,0,0,1,1,1,1,0,0,1,Advance Stop Line for Vehicles
16619,117,0,79,115.9158327,0.239553635,AVENUE V & OCEAN PARKWAY,40.59571,-73.9651,0,0,0,0,0,0,0,1,0,0,0,1,1,Advance Stop Line for Vehicles
60971,266,1,115,115.9044985,0.239530208,FRANCIS LEWIS BOULEVARD & HILLSIDE AVENUE,40.72106,-73.7594,0,0,0,0,0,1,1,1,1,0,0,0,1,Advance Stop Line for Vehicles
9027146,338,1,106,115.8781201,0.239475686,2010 CB BOUNDARY & CROSS ISLAND PARKWAY,40.76211,-73.7567,0,0,0,0,0,0,0,0,0,0,0,1,1,High-Friction Surface Treatment
26963,146,0,97,115.8285493,0.239373228,ROCKAWAY PARKWAY & WINTHROP STREET,40.66274,-73.9219,0,0,0,0,0,0,0,1,0,0,0,1,1,Advance Stop Line for Vehicles
98957,157,0,73,115.8223688,0.239360453,MAJOR DEEGAN EXPRESSWAY & METRO NORTH HARLEM LINE,40.81184,-73.9315,0,0,0,0,0,0,0,0,0,0,0,0,1,High-Friction Surface Treatment
26344,218,2,139,115.6195688,0.238941284,KINGS HIGHWAY & SNYDER AVENUE,40.65052,-73.9236,0,0,0,0,0,0,1,1,0,0,0,0,1,Advance Stop Line for Vehicles
27127,299,0,122,115.6171976,0.238936383,ATLANTIC AVENUE & LIRR ATLANTIC LINE & SARATOGA AVENUE,40.67665,-73.9165,0,1,0,0,0,0,0,1,0,0,0,0,1,Leading Pedestrian Interval (LPI)
46381,223,1,80,115.2537398,0.238185149,69 STREET & BROADWAY & BROOKLYN QUEENS EXPWY WB ET 40 & QUEENS BOULEVARD LINE,40.74899,-73.8969,0,0,0,0,0,0,0,1,0,0,0,0,1,Install Marked Crosswalks
42737,271,0,80,115.2485495,0.238174421,3 AVENUE & EAST 135 STREET,40.80956,-73.9292,0,0,0,0,0,0,1,1,0,0,0,1,1,Protected Bike Lanes
54260,320,1,107,115.2356476,0.238147754,EAST 233 STREET & WHITE PLAINS ROAD & WHITE PLAINS ROAD LINE,40.89341,-73.8574,0,0,0,0,0,0,1,1,0,0,0,1,1,Protected Bike Lanes
36309,194,1,104,114.9966104,0.237653686,150 STREET & SOUTH CONDUIT AVENUE,40.66601,-73.7895,0,0,0,0,0,0,0,1,0,0,0,0,1,Install Marked Crosswalks
26822,198,1,85,114.8700544,0.237392107,ATLANTIC AVENUE & LIRR ATLANTIC LINE & SCHENECTADY AVENUE,40.67756,-73.9331,0,0,0,0,0,0,0,1,0,0,0,0,1,Install Marked Crosswalks
27239,205,0,101,114.6569609,0.236951662,LIVONIA AVENUE & NEW LOTS LINE & ROCKAWAY AVENUE,40.66255,-73.9089,0,1,0,0,0,0,0,1,0,0,0,0,0,Add Pedestrian Crossing Signals
26509,224,2,132,114.2709957,0.236153907,CHURCH AVENUE & LINDEN BOULEVARD,40.65431,-73.9176,0,0,0,0,0,0,0,1,0,0,0,0,1,Install Marked Crosswalks
18225,152,0,70,114.2277233,0.236064467,BEVERLEY ROAD & FLATBUSH AVENUE,40.64507,-73.958,0,1,0,0,0,0,0,1,0,0,0,0,1,Leading Pedestrian Interval (LPI)
28719,240,1,131,114.1882462,0.235982872,LINDEN BOULEVARD & MOTHER GASTON BOULEVARD,40.65531,-73.9032,0,0,0,0,0,0,0,1,0,0,0,1,1,Advance Stop Line for Vehicles
31214,213,1,108,114.1864754,0.235979212,EUCLID AVENUE & LINDEN BOULEVARD,40.66795,-73.8701,0,0,0,0,0,1,0,1,0,0,0,0,1,Curb Extensions (Bulb-outs)
47326,190,1,115,114.1314603,0.2358655,EAST 162 STREET & EAST 163 STREET & REV JAMES A POLITE AVENUE & WESTCHESTER AVENUE & WHITE PLAINS ROAD LINE,40.82107,-73.8989,0,0,0,0,0,0,1,1,0,1,0,0,1,Advance Stop Line for Vehicles
13740,311,0,109,114.1036193,0.235807955,65 STREET & BAY PARKWAY,40.61384,-73.9814,0,1,1,1,0,1,1,1,0,0,0,0,1,Advance Stop Line for Vehicles
3432,214,0,90,113.9738338,0.235539701,RICHMOND AVENUE & RICHMOND HILL ROAD,40.58895,-74.1676,0,0,0,0,0,0,0,1,0,0,0,1,1,Advance Stop Line for Vehicles
44485,220,0,101,113.79389,0.235167773,8 AVENUE LINE & BROADWAY & WEST 204 STREET,40.86702,-73.9231,0,1,0,0,0,0,1,1,0,0,0,0,0,Advance Stop Line for Vehicles
48752,258,1,110,113.7895212,0.235158744,CONCOURSE LINE & EAST FORDHAM ROAD & GRAND CONCOURSE,40.86244,-73.8971,0,1,0,0,0,1,0,1,1,0,0,1,1,Advance Stop Line for Vehicles
18570,488,0,87,113.7732167,0.235125044,4 AVENUE & 4 AVENUE LINE & ATLANTIC AVENUE,40.68442,-73.9784,0,1,1,1,0,1,1,1,0,0,0,1,1,Advance Stop Line for Vehicles
9032172,243,0,89,113.6957644,0.234964957,MACOMBS DAM BRDG PEDESTRIAN PATH & MAJOR DEEGAN EXPRESSWAY,40.82822,-73.9311,0,0,0,0,0,0,0,0,0,0,0,1,0,Bike Signal Phases
28696,222,0,117,113.5724675,0.234710113,FLATLANDS AVENUE & ROCKAWAY PARKWAY,40.64366,-73.9007,0,1,0,0,0,1,0,1,1,0,0,0,1,Advance Stop Line for Vehicles
32478,197,2,116,113.4787577,0.234516424,91 AVENUE & WOODHAVEN BOULEVARD,40.68984,-73.8501,0,1,0,0,0,0,0,1,1,0,0,0,1,Leading Pedestrian Interval (LPI)
5910,290,0,94,113.397593,0.234348664,DR M L KING EP NB EN VICTORY BL & LOOP ROAD & VICTORY BOULEVARD,40.60885,-74.1534,0,0,0,0,0,0,0,1,0,0,0,0,1,Install Marked Crosswalks
69173,252,0,110,113.3626782,0.234276498,ATLANTIC AVENUE & GRAND AVENUE & LIRR ATLANTIC LINE,40.68046,-73.9613,0,1,0,1,0,0,1,1,0,0,0,0,1,Advance Stop Line for Vehicles
9009342,188,2,91,113.342272,0.23423432,CROSS BRONX EXPRESSWAY,40.84512,-73.9148,0,0,0,0,0,0,0,1,0,0,0,0,0,Install Marked Crosswalks
80357,195,0,84,113.1496305,0.233836148,BELT PARKWAY & ROCKAWAY PARKWAY,40.63052,-73.8859,0,0,0,0,0,1,0,1,0,0,0,1,1,Advance Stop Line for Vehicles
9032688,226,0,94,112.9780709,0.23348155,HARLEM RIVER DRIVE & HRD NB EN FREDERICK DOUGLASS BL,40.83196,-73.9353,0,0,0,0,0,0,0,0,0,0,0,0,1,High-Friction Surface Treatment
21816,279,0,118,112.9625076,0.233449382,1 AVENUE & DISTRICT BOUNDARY & EAST 23 STREET,40.73689,-73.9785,0,1,1,0,0,1,0,1,1,0,0,1,1,Advance Stop Line for Vehicles
20489,527,1,92,112.9012965,0.233322864,CANAL STREET & LAFAYETTE STREET & LEXINGTON AVENUE LINE & MANHATTAN BRIDGE LINE,40.71843,-74.0005,0,0,0,0,0,0,1,1,0,0,0,1,1,Protected Bike Lanes
17934,181,1,66,112.6374828,0.232777586,AVENUE C & OCEAN PARKWAY,40.64091,-73.9736,0,0,0,0,0,0,0,1,0,0,0,1,1,Advance Stop Line for Vehicles
14825,328,0,104,112.6177654,0.232736832,4 AVENUE & 4 AVENUE LINE & PROSPECT AVENUE,40.66551,-73.9928,0,1,0,0,0,1,0,1,0,0,0,1,1,Advance Stop Line for Vehicles
17384,238,0,112,112.3514073,0.232186294,18 AVENUE & OCEAN PARKWAY,40.63311,-73.9722,0,0,1,0,0,0,0,1,0,1,0,1,1,Turn Calming
9041937,313,0,88,112.2935834,0.232066777,EAST GUN HILL ROAD & OLINVILLE AVENUE,40.87781,-73.8681,0,1,0,0,0,1,1,1,0,0,0,0,1,Advance Stop Line for Vehicles
29066,228,2,84,112.26508,0.232007863,PENNSYLVANIA AVENUE & SEAVIEW AVENUE,40.64404,-73.8775,0,0,0,0,0,0,0,1,1,0,0,1,1,Convert to Roundabout
16474,255,0,109,112.2367652,0.231949339,NEPTUNE AVENUE & WEST 5 STREET,40.57981,-73.9718,0,1,1,1,0,1,0,1,0,1,0,1,1,Advance Stop Line for Vehicles
97011,197,0,85,111.9067617,0.231267252,FRANCIS LEWIS BOULEVARD & LONG ISLAND EXPRESSWAY,40.74329,-73.7757,0,1,0,0,0,1,0,1,0,0,0,0,1,Leading Pedestrian Interval (LPI)
88727,351,1,98,111.693764,0.230827005,FRANKLIN D ROOSEVELT DRIVE,40.70866,-73.9982,0,0,0,0,0,0,0,0,0,0,0,1,0,Bike Signal Phases
43048,199,1,114,111.648227,0.230732885,EAST 138 STREET & PELHAM LINE & ST ANNS AVENUE,40.80681,-73.9175,0,1,0,0,0,0,0,1,0,0,0,1,0,Advance Stop Line for Vehicles
97391,253,0,107,111.5624711,0.230555635,BELT PARKWAY & COHANCY STREET,40.66646,-73.8349,0,0,0,0,0,0,0,0,0,0,0,0,0,Raised Crosswalk 
32502,312,0,135,111.5593675,0.23054922,PARK LANE SOUTH & WOODHAVEN BOULEVARD,40.69756,-73.8527,0,0,0,0,0,1,0,1,1,1,0,0,1,Advance Stop Line for Vehicles
51248,215,1,113,111.51252,0.230452391,126 STREET & 2020 CB BOUNDARY & FLUSHING LINE & ROOSEVELT AVENUE & SEAVER WAY,40.75534,-73.8432,0,0,0,0,0,1,0,1,0,0,0,1,1,Advance Stop Line for Vehicles
22572,386,0,92,111.4629487,0.230349931,3 AVENUE & EAST 42 STREET & FLUSHING LINE,40.75076,-73.9744,0,1,1,0,0,1,1,1,1,0,0,0,1,Advance Stop Line for Vehicles
28564,215,2,107,111.4386724,0.230299754,ROCKAWAY PARKWAY & SKIDMORE AVENUE,40.63244,-73.8882,0,0,0,0,0,0,1,1,0,0,0,0,1,Advance Stop Line for Vehicles
95453,262,0,99,111.2748829,0.229961217,AMTRAK-NORTHEAST LINE & HENRY HUDSON PARKWAY & WEST 79 STREET,40.78551,-73.9839,0,0,0,0,0,0,0,0,0,0,0,1,1,High-Friction Surface Treatment
55515,242,1,92,111.2377767,0.229884521,FLUSHING LINE & MAIN STREET & ROOSEVELT AVENUE,40.75957,-73.8301,0,1,1,0,0,0,0,1,1,0,0,0,1,Advance Stop Line for Vehicles
41911,285,0,100,111.0425991,0.229481107,51 STREET & NORTHERN BOULEVARD & QUEENS BOULEVARD LINE & WOODSIDE AVENUE,40.75298,-73.9102,0,0,0,0,0,0,1,1,0,0,0,1,1,Protected Bike Lanes
42495,390,1,142,111.0286903,0.229452359,2 AVENUE LINE & EAST 125 STREET & LEXINGTON AVENUE & LEXINGTON AVENUE LINE,40.80437,-73.9374,0,1,1,0,0,1,0,1,1,0,0,0,1,Advance Stop Line for Vehicles
36398,199,0,85,110.7812819,0.228940988,150 STREET & ROCKAWAY BOULEVARD & SUTPHIN BOULEVARD,40.67301,-73.7881,0,1,0,0,1,1,1,1,0,0,0,0,1,Advance Stop Line for Vehicles
12789,270,1,92,110.6928324,0.228758171,BATH AVENUE & BAY PARKWAY,40.59855,-73.9973,0,1,1,0,0,1,0,1,0,0,0,1,0,Advance Stop Line for Vehicles
31909,311,0,107,110.6299875,0.228628277,156 AVENUE & CROSS BAY BOULEVARD,40.66419,-73.8411,0,0,1,0,0,0,0,1,0,0,0,0,1,Turn Calming
48621,101,1,45,110.5471012,0.228456958,MAJOR DEEGAN EXPRESSWAY & WEST 230 STREET,40.87648,-73.9045,0,0,0,0,0,0,0,1,0,0,0,0,1,Install Marked Crosswalks
18436,279,1,111,110.4229925,0.228200437,CHURCH AVENUE & NOSTRAND AVENUE & NOSTRAND AVENUE LINE,40.65081,-73.9496,0,1,1,0,0,1,0,1,1,0,0,0,1,Advance Stop Line for Vehicles
20752,431,2,126,110.0668602,0.227464344,6 AVENUE LINE & AVENUE OF THE AMERICAS & PATH-JOURNAL SQ- 33 ST LINE & WEST 23 STREET,40.74291,-73.9928,0,1,1,0,0,0,1,1,1,0,0,1,1,Advance Stop Line for Vehicles
29355,193,0,116,109.9287489,0.227178881,PENNSYLVANIA AVENUE & SUTTER AVENUE,40.66937,-73.8952,0,1,0,0,0,0,0,1,0,0,0,0,1,Leading Pedestrian Interval (LPI)
7357,221,2,120,109.90077,0.227121051,ALLISON AVENUE & EBBITTS AVENUE & HYLAN BOULEVARD,40.5665,-74.1138,0,1,0,0,0,1,1,1,1,0,0,0,1,Advance Stop Line for Vehicles
53153,275,0,91,109.8309843,0.22697681,BRUCKNER BOULEVARD & BRUSH AVENUE,40.82852,-73.8412,0,0,0,0,0,1,0,1,0,0,0,1,1,Advance Stop Line for Vehicles
47846,127,0,102,109.6750576,0.226654524,CLAREMONT PARKWAY & WASHINGTON AVENUE,40.83887,-73.9026,0,1,0,0,0,1,1,1,0,0,0,0,1,Advance Stop Line for Vehicles
24288,193,0,114,109.5643514,0.226425705,FREDERICK DOUGLASS BOULEVARD & WEST 135 STREET,40.8165,-73.9465,0,1,0,0,0,0,0,1,0,0,0,0,1,Leading Pedestrian Interval (LPI)
57993,260,1,87,109.509902,0.226313163,BARTOW AVENUE & CO-OP CITY BOULEVARD,40.8695,-73.8262,0,1,0,0,0,1,1,1,0,0,0,1,1,Advance Stop Line for Vehicles
21303,567,0,81,109.4458685,0.226180811,10 AVENUE & WEST 42 STREET,40.75963,-73.9955,0,1,1,0,0,1,0,1,1,0,0,1,1,Advance Stop Line for Vehicles
44541,223,2,92,109.3150088,0.225910336,SHERMAN AVENUE & WEST 207 STREET,40.8658,-73.92,0,1,1,0,0,0,0,1,1,0,0,0,0,Advance Stop Line for Vehicles
20960,220,1,134,109.2669366,0.225810975,AVENUE C & EAST HOUSTON STREET & PITT STREET,40.72071,-73.9813,0,1,1,0,0,1,1,1,0,1,0,1,1,Advance Stop Line for Vehicles
99842,229,0,81,109.1897306,0.225651398,LONG ISLAND EXPRESSWAY,40.73936,-73.792,0,0,0,0,0,0,0,1,0,0,0,0,0,Install Marked Crosswalks
3045,215,0,83,109.1763144,0.225623668,ARTHUR KILL ROAD & DRUMGOOLE ROAD WEST,40.56152,-74.1719,0,0,0,0,0,0,0,1,0,0,0,0,1,Install Marked Crosswalks
17349,214,2,105,109.0601927,0.225383655,AVENUE N & OCEAN PARKWAY,40.61462,-73.9687,0,0,0,0,0,0,0,1,0,0,0,1,1,Advance Stop Line for Vehicles
47991,165,0,96,108.9842491,0.225226686,EAST 180 STREET & WEBSTER AVENUE,40.85231,-73.8981,0,0,0,0,0,0,0,1,1,0,0,1,1,Convert to Roundabout
19901,180,1,119,108.8363444,0.224920981,MYRTLE AVENUE & THROOP AVENUE,40.69603,-73.9435,0,1,1,0,0,1,0,1,0,1,0,1,1,Add Pedestrian Crossing Signals
47444,467,1,165,108.7959944,0.224837581,BRUCKNER BOULEVARD & HUNTS POINT AVENUE,40.82031,-73.8908,0,0,0,1,0,1,0,1,1,0,0,1,1,Advance Stop Line for Vehicles
20238,472,0,132,108.7774189,0.224799187,CANAL STREET & IRT-1-BROADWAY/ 7 AVENUE LINE & VARICK STREET,40.72255,-74.0063,0,1,1,0,0,1,1,1,0,0,0,1,1,Advance Stop Line for Vehicles
61103,333,1,97,108.7758531,0.224795951,212 STREET & CLEARVIEW EXPRESSWAY & HILLSIDE AVENUE,40.72469,-73.7541,0,0,1,1,0,1,1,1,1,0,0,0,1,Advance Stop Line for Vehicles
37038,203,1,124,108.6595386,0.224555539,ARCHER AVENUE & GUY R BREWER BOULEVARD,40.70329,-73.7961,0,0,1,0,0,0,0,1,1,1,0,0,1,Turn Calming
43859,174,1,84,108.5347633,0.22429764,EAST 158 STREET & GRAND CONCOURSE,40.82541,-73.9235,0,0,0,0,0,0,0,1,0,0,0,0,1,Install Marked Crosswalks
39608,256,1,119,108.488604,0.224202233,FARMERS BOULEVARD & LINDEN BOULEVARD,40.69167,-73.7624,0,0,1,0,0,0,0,1,0,0,0,0,1,Turn Calming
26107,184,0,87,108.3615651,0.223939655,ALBANY AVENUE & WINTHROP STREET,40.65777,-73.9396,0,0,1,0,0,0,0,1,0,0,0,0,1,Turn Calming
94610,248,0,82,108.3414785,0.223898138,BROOKLYN QUEENS EXPRESSWAY & BROOKLYN QUEENS EXPWY WB ET 29,40.69656,-73.9809,0,1,0,0,0,0,0,1,0,0,0,1,1,Leading Pedestrian Interval (LPI)
47849,170,0,92,108.2355536,0.223679201,3 AVENUE & CLAREMONT PARKWAY,40.8382,-73.9012,0,1,0,0,0,1,0,1,0,1,0,1,1,Advance Stop Line for Vehicles
41795,286,0,106,108.1981015,0.223601791,30 AVENUE & STEINWAY STREET,40.76389,-73.915,0,1,0,0,0,0,0,1,0,0,0,0,1,Leading Pedestrian Interval (LPI)
32427,246,2,84,108.1480034,0.223498243,FOREST PARK DRIVE & WOODHAVEN BOULEVARD,40.70059,-73.8546,0,0,0,0,0,1,0,1,1,1,0,1,1,Advance Stop Line for Vehicles
41266,307,3,115,108.0646764,0.223326014,58 STREET & QUEENS BOULEVARD,40.74186,-73.9075,0,1,0,0,0,1,0,1,0,0,0,1,1,Advance Stop Line for Vehicles
40684,215,0,94,107.9591752,0.223107952,GREENPOINT AVENUE & JJ BYRNE MEMORIAL BRIDGE & REVIEW AVENUE & VAN DAM STREET,40.73431,-73.938,0,0,0,1,0,0,0,1,0,0,0,1,1,Advance Stop Line for Vehicles
44103,390,0,102,107.8250323,0.222830691,EAST MOUNT EDEN AVENUE & JEROME AVENUE & JEROME AVENUE LINE & WEST MOUNT EDEN AVENUE,40.84434,-73.9147,0,0,0,0,0,0,0,1,0,0,0,0,1,Install Marked Crosswalks
16623,173,0,85,107.7607116,0.222697746,AVENUE T & OCEAN PARKWAY,40.60008,-73.9659,0,0,0,0,0,0,1,1,0,1,0,1,1,Protected Bike Lanes
20597,430,0,125,107.75496,0.222685858,BROADWAY & BROADWAY LINE & EAST HOUSTON STREET & HOUSTON/ESSEX STREET LINE & WEST HOUSTON STREET,40.72543,-73.9968,0,1,0,0,0,0,1,1,1,0,0,0,1,Advance Stop Line for Vehicles
18249,267,1,95,107.6630194,0.222495826,CATON AVENUE & FLATBUSH AVENUE,40.65293,-73.9593,0,1,0,0,0,1,0,1,0,0,0,0,1,Leading Pedestrian Interval (LPI)
19026,198,0,81,107.5594343,0.222281725,ATLANTIC AVENUE & LIRR ATLANTIC LINE & NEW YORK AVENUE,40.67832,-73.9469,0,1,0,0,0,1,1,1,0,0,0,0,1,Advance Stop Line for Vehicles
54218,239,0,98,107.5573421,0.2222774,CARPENTER AVENUE & EAST 233 STREET,40.89431,-73.8603,0,1,0,0,0,1,0,1,0,1,0,0,1,Leading Pedestrian Interval (LPI)
44248,162,3,74,107.5431139,0.222247992,EAST 168 STREET & WEBSTER AVENUE,40.83228,-73.9096,0,1,0,0,0,0,0,1,1,0,0,1,1,Advance Stop Line for Vehicles
15831,316,0,85,107.4792499,0.222115991,ATLANTIC AVENUE & CULVER/ 6 AVENUE LINE & SMITH STREET,40.68862,-73.9892,0,1,1,0,0,1,1,1,0,0,0,1,1,Advance Stop Line for Vehicles
86798,145,0,91,107.4054498,0.221963453,109 AVENUE & VAN WYCK EXPRESSWAY,40.68707,-73.808,0,1,0,0,0,1,0,1,0,0,0,0,1,Leading Pedestrian Interval (LPI)
53877,36,0,33,107.3872048,0.221925742,EASTCHESTER ROAD & PELHAM PARKWAY SOUTH,40.85714,-73.8438,0,0,0,0,0,0,0,1,1,1,0,0,1,Reduce Speed Limits
42492,357,1,110,107.140049,0.221414894,EAST 125 STREET & METRO NORTH-CONNECTING RAIL LINE & METRO NORTH-HARLEM/HUDSON LINES & PARK AVENUE,40.80506,-73.939,0,1,0,0,0,0,0,1,1,0,0,0,1,Leading Pedestrian Interval (LPI)
23415,318,2,83,106.6049683,0.220308931,BROADWAY & IRT-1-BROADWAY/ 7 AVENUE LINE & WEST 96 STREET,40.79465,-73.9718,0,0,1,0,0,1,1,1,1,0,0,0,1,Turn Calming
24407,360,0,87,106.2855897,0.219648804,DISTRICT BOUNDARY & RIVERSIDE DRIVE & WEST 165 STREET,40.84105,-73.9447,0,0,0,0,0,0,0,1,0,1,0,0,1,Speed Humps or Speed Tables
18176,203,0,107,106.207735,0.219487886,CATON AVENUE & OCEAN AVENUE,40.65217,-73.9614,0,1,0,0,0,0,1,1,0,0,0,1,1,Advance Stop Line for Vehicles
42119,254,1,112,105.9393,0.218933055,1 AVENUE & EAST 116 STREET,40.796,-73.9354,0,1,1,0,0,0,0,1,1,0,0,1,0,Advance Stop Line for Vehicles
13098,193,1,88,105.7109921,0.218461164,NEPTUNE AVENUE & STILLWELL AVENUE,40.5792,-73.9819,0,1,0,0,0,0,0,1,0,0,0,1,1,Leading Pedestrian Interval (LPI)
23418,312,3,53,105.6287482,0.218291173,AMSTERDAM AVENUE & DISTRICT BOUNDARY & WEST 96 STREET,40.79405,-73.9704,0,1,1,0,0,1,0,1,1,0,0,1,1,Advance Stop Line for Vehicles
55559,238,0,71,105.5259342,0.218078666,BOOTH MEMORIAL AVENUE & MAIN STREET,40.74656,-73.8262,0,1,0,0,0,0,0,1,1,0,0,0,1,Leading Pedestrian Interval (LPI)
20883,283,0,107,105.4986449,0.218022262,AVENUE A & EAST HOUSTON STREET & ESSEX STREET,40.72224,-73.9863,0,1,0,0,0,1,1,1,1,1,0,1,1,Advance Stop Line for Vehicles
47697,280,0,68,105.4884855,0.218001263,BRONX RIVER PARKWAY ET 2 W SB & BRUCKNER BOULEVARD & CT BOUNDARY & MORRISON AVENUE,40.82442,-73.8736,0,0,0,0,0,1,0,1,0,1,0,0,1,Add Pedestrian Crossing Signals
19656,246,0,91,105.4425159,0.217906248,BEDFORD AVENUE & PARK AVENUE,40.69678,-73.9566,0,1,1,0,0,0,0,1,1,0,0,1,0,Advance Stop Line for Vehicles
85307,276,0,88,105.425532,0.217871144,BROOKLYN QUEENS EXPRESSWAY & BROOKLYN QUEENS EXPWY WB ET 29,40.69666,-73.9808,0,1,0,0,0,0,0,1,0,0,0,1,1,Leading Pedestrian Interval (LPI)
48822,235,0,127,105.4200112,0.217859733,EAST 188 STREET & WEBSTER AVENUE,40.85987,-73.8932,0,1,1,0,0,0,0,1,1,0,0,1,1,Turn Calming
30030,269,0,80,105.3843667,0.217786059,FRESH POND ROAD & METROPOLITAN AVENUE,40.7127,-73.9006,0,0,1,0,0,0,0,1,0,0,0,0,1,Turn Calming
26238,229,0,109,105.2632014,0.217535622,GLENWOOD ROAD & UTICA AVENUE,40.63519,-73.9286,0,0,0,0,0,0,0,1,1,0,0,0,1,Convert to Roundabout
46240,197,0,87,104.8815922,0.21674687,43 STREET & ASTORIA BOULEVARD NORTH & SOUND STREET,40.76889,-73.9069,0,0,0,0,0,1,0,1,0,0,0,1,1,Advance Stop Line for Vehicles
27318,162,0,84,104.8317298,0.216643809,MARCUS GARVEY BOULEVARD & MYRTLE AVENUE,40.69635,-73.9407,0,1,0,0,0,1,0,1,0,1,0,0,0,Add Pedestrian Crossing Signals
54104,178,1,87,104.749227,0.216473284,BAYCHESTER AVENUE & GIVAN AVENUE,40.87747,-73.8366,0,0,0,0,0,0,0,1,0,0,0,0,1,Install Marked Crosswalks
19745,186,0,73,104.7303386,0.216434243,DEKALB AVENUE & NOSTRAND AVENUE,40.69133,-73.9518,0,1,0,0,0,1,1,1,1,1,0,1,1,Advance Stop Line for Vehicles
19655,257,1,82,104.6445295,0.216256884,2020 CB BOUNDARY & BEDFORD AVENUE & FLUSHING AVENUE,40.69897,-73.957,0,1,1,0,0,0,0,1,1,0,0,1,1,Turn Calming
56073,30,0,35,104.6271187,0.216220897,LINDEN PLACE & WHITESTONE EXPRESSWAY,40.77134,-73.8334,0,0,0,0,0,1,0,1,0,0,0,0,0,Add Pedestrian Crossing Signals
84933,140,0,83,104.608461,0.216182333,BROOK AVENUE & MAJOR DEEGAN EXPRESSWAY,40.80531,-73.9209,0,0,0,0,0,0,0,1,0,0,0,0,1,Install Marked Crosswalks
15202,400,0,114,104.6017237,0.216168408,MURRAY STREET & WEST STREET,40.71524,-74.0134,0,0,0,0,0,0,0,1,0,0,0,1,1,Advance Stop Line for Vehicles
59005,223,1,84,104.5304505,0.216021093,73 AVENUE & FRANCIS LEWIS BOULEVARD,40.73627,-73.7729,0,0,0,0,0,1,0,1,0,0,0,1,1,Advance Stop Line for Vehicles
21225,651,2,105,104.4988886,0.215955857,11 AVENUE & WEST 42 STREET,40.76082,-73.9983,0,1,1,0,0,1,1,1,1,0,0,1,1,Advance Stop Line for Vehicles
21217,761,0,32,104.1637907,0.21526324,11 AVENUE & WEST 40 STREET,40.75953,-73.9992,0,1,0,0,0,0,1,1,1,0,0,1,1,Advance Stop Line for Vehicles
97013,219,0,81,104.0058388,0.214936768,LONG ISLAND EXPRESSWAY & LONG ISLAND EXPWY EB ET 27 N-S,40.74336,-73.7755,0,1,0,0,0,1,0,1,0,0,0,0,1,Leading Pedestrian Interval (LPI)
33885,235,0,80,103.9016447,0.214721409,LEFFERTS BOULEVARD & LIBERTY AVENUE,40.68623,-73.8242,0,0,0,0,0,0,0,1,0,0,0,0,1,Install Marked Crosswalks
54966,340,0,72,103.8617783,0.214639008,MAIN STREET & UNION TURNPIKE,40.71768,-73.8171,0,0,0,0,0,0,0,1,0,0,0,1,1,Advance Stop Line for Vehicles
42544,303,1,77,103.8466339,0.214607706,2 AVENUE LINE & 3 AVENUE & EAST 125 STREET,40.8037,-73.9358,0,1,1,0,0,1,0,1,1,0,0,0,1,Advance Stop Line for Vehicles
28897,235,2,98,103.8397318,0.21459344,DISTRICT BOUNDARY & FLATLANDS AVENUE & LOUISIANA AVENUE,40.65115,-73.89,0,0,0,0,0,0,0,1,0,1,0,0,1,Speed Humps or Speed Tables
36730,241,1,118,103.8072545,0.214526313,GUY R BREWER BOULEVARD & SOUTH CONDUIT AVENUE,40.66696,-73.7708,0,0,0,0,0,0,0,1,0,0,0,0,1,Install Marked Crosswalks
49612,349,0,90,103.773514,0.214456574,BAINBRIDGE AVENUE & EAST GUN HILL ROAD,40.88108,-73.8785,0,1,1,0,0,1,1,1,1,1,0,0,1,Advance Stop Line for Vehicles
44086,164,1,86,103.6177663,0.214134658,EAST 170 STREET & JEROME AVENUE & JEROME AVENUE LINE & WEST 170 STREET,40.84022,-73.9177,0,1,0,0,0,0,0,1,0,0,0,0,1,Leading Pedestrian Interval (LPI)
16214,203,1,89,103.4377886,0.213762661,BRIGHTON BEACH AVENUE & BRIGHTON LINE & OCEAN PARKWAY & WEST BRIGHTON AVENUE,40.5763,-73.9685,0,0,0,0,0,0,1,1,0,1,0,1,1,Protected Bike Lanes
29048,141,0,108,103.4105696,0.213706401,FLATLANDS AVENUE & SCHENCK AVENUE,40.65556,-73.8797,0,0,0,0,0,0,1,1,0,0,0,1,1,Protected Bike Lanes
48681,167,1,90,103.3527681,0.213586931,UNIVERSITY AVENUE & WEST KINGSBRIDGE ROAD,40.86828,-73.9011,0,1,1,0,0,0,0,1,0,0,0,0,1,Leading Pedestrian Interval (LPI)
79643,214,0,90,103.3485835,0.213578282,17 STREET & GOWANUS EXPRESSWAY,40.66652,-73.9962,0,0,0,0,0,0,0,0,0,0,0,0,1,High-Friction Surface Treatment
31783,264,1,139,103.3103156,0.213499186,101 AVENUE & WOODHAVEN BOULEVARD,40.68424,-73.8461,0,1,0,0,0,0,0,1,1,0,0,0,1,Leading Pedestrian Interval (LPI)
95720,186,1,97,103.2429587,0.213359965,HENRY HUDSON PARKWAY & ST CLAIR PLACE,40.81791,-73.9616,0,0,0,0,0,0,0,1,0,0,0,1,0,Advance Stop Line for Vehicles
29556,151,1,103,103.1744334,0.21321833,LINDEN BOULEVARD & SCHENCK AVENUE,40.66138,-73.8841,0,0,0,0,0,0,1,1,0,1,0,0,1,Advance Stop Line for Vehicles
41728,317,0,108,103.0069226,0.2128721,BROADWAY & STEINWAY STREET,40.75897,-73.919,0,1,0,0,0,0,0,1,0,0,0,0,1,Leading Pedestrian Interval (LPI)
22393,181,0,57,103.0042536,0.212866583,BQE WB EN MC GUINNESS BLVD S & HUMBOLDT STREET & MEEKER AVENUE,40.72024,-73.9444,0,0,0,0,0,0,0,1,0,0,0,1,1,Advance Stop Line for Vehicles
22479,601,1,68,102.9898091,0.212836728,3 AVENUE & EAST 37 STREET,40.74763,-73.9767,0,0,0,0,0,0,0,1,1,0,0,0,1,Convert to Roundabout
24141,206,2,104,102.8284482,0.21250321,ADAM CLAYTON POWELL JR BOULEVARD & WEST 116 STREET,40.80322,-73.9525,0,1,1,0,0,0,1,1,0,0,0,1,1,Advance Stop Line for Vehicles
43907,109,0,81,102.7985482,0.212441409,EDWARD L GRANT HIGHWAY & PLIMPTON AVENUE,40.84275,-73.9228,0,1,0,0,0,1,0,1,1,1,0,1,1,Advance Stop Line for Vehicles
86517,207,1,85,102.7700317,0.212382468,LINDEN PLACE & WHITESTONE EXPRESSWAY,40.77125,-73.8334,0,0,0,0,0,1,0,1,0,0,0,0,0,Add Pedestrian Crossing Signals
27198,199,0,121,102.6660339,0.212167514,ATLANTIC AVENUE & LIRR ATLANTIC LINE & THOMAS S BOYLAND STREET,40.6765,-73.9137,0,1,0,0,0,0,0,1,0,0,0,1,1,Leading Pedestrian Interval (LPI)
21517,386,0,116,102.6078435,0.21204724,42 STREET SHUTTLE LINE & 5 AVENUE & EAST 42 STREET & WEST 42 STREET,40.75348,-73.9809,0,0,0,0,0,0,0,1,1,0,0,0,1,Convert to Roundabout
